id,postUrl,page,caption,commentsNum,sharesNum,reactionsNum,imgUrl,timestamp
1,https://www.facebook.com/OfficialMensHumor/posts/pfbid0zkN7v1qpHwf9AQhEbx2aQcorwDUHdqhrMQ9vjT8EM2pY4ifAN2utTNbCS8PmK6pZl?__cft__[0]=AZVbltBuHz3dF8oodc7EEwEOeVDbosWlMdk_GeEpHeRtii_IJXG1ZqPbInMaaw4Av1dt35g7OFCMoQeYUTJrHCWkI1v8QtdjtyMy8MYGT9OQsWRWqpvqoeJItgaau_CGlMZlRI8AsB98w4T8I__hG6asU2zl0uNWiDI9DbSkihCWyLYMYoBf3VC3B6EhzaxavxYJO6MXDxKyb5_Y6ImZlIiF&__tn__=%2CO%2CP-R,OfficialMensHumor,,4,6.1,16,https://scontent.fhou1-1.fna.fbcdn.net/v/t39.30808-6/299806034_6849384518408546_1442994416220951326_n.jpg?stp=dst-jpg_s640x640&_nc_cat=1&ccb=1-7&_nc_sid=730e14&_nc_ohc=KaC010VL064AX-7j4ii&_nc_ht=scontent.fhou1-1.fna&oh=00_AT9TDZ7Sp9w6b-P0cf5hObGhsDzYg2iTn_pcEokwZ-HjCw&oe=6304102B,"8/18/2022, 4:00:00 PM"
2,https://www.facebook.com/OfficialMensHumor/posts/pfbid02ESkzSDnTFc4ji6aHy3nspScotMjYzjnjcGffXMqW7xVh1fFYZqkpi9uh5t95k9Kwl?__cft__[0]=AZW1-3bnjIIgSiMwpT1q365ZJTtI30fSrGN3vXySQrFsIehNV79TlaQNhU5ePtfuUob7aTCodhXXQJ7PS9YPP7uBusN9Oi26ZPvaJv2Mw8SQasC74W1u_e3CJjA9w5rN_xVoZhkqqQABHvP6mflaO02sGzv-WbVjtR_FgNCIgsY4xACxogxSUXQvF5m1Z1rnJxdAtcOCuXw9H157GqVfLQ7z&__tn__=%2CO%2CP-R,OfficialMensHumor,,361,1.7,11,https://scontent.fhou1-1.fna.fbcdn.net/v/t39.30808-6/300490771_6849377375075927_460325702627652004_n.jpg?stp=dst-jpg_s600x600&_nc_cat=1&ccb=1-7&_nc_sid=730e14&_nc_ohc=sBoo07iRk6wAX8_xCal&_nc_ht=scontent.fhou1-1.fna&oh=00_AT-KaOz76VX_dlv4e8x6B-T1jy8Cr32es8DdU97aiJTuRg&oe=63036639,"8/18/2022, 1:00:00 PM"
3,https://www.facebook.com/OfficialMensHumor/posts/pfbid02ZmambSGYx81rTi7HFE6cdhFKANieGzdgBLqCzkgBUBRHo8ShDrZhZS3HCM4a8hncl?__cft__[0]=AZVBh678hdWqN72EuIZKslTrbTojkqC6je0EFqtGCzEPB_shR_pMJos84nlmWIWFgDuaoeR4kx2xqErYiZkMwmc2l9gbSkRHqvQhdS8TeHD9H_SlQK9BIlER3cRW4v6NthqyjDWIw7I7fdTkgIpt5NpoVF5JYj57U2m0yG-wU6-1VcTm_p6cQyPHBcQearHas4gZGg1tXT-mctmf2gvwTXjf&__tn__=%2CO%2CP-R,OfficialMensHumor,,606,1.4,10,https://scontent.fhou1-1.fna.fbcdn.net/v/t39.30808-6/300177081_6849372511743080_7521964440296217170_n.jpg?stp=cp1_dst-jpg_p526x296&_nc_cat=1&ccb=1-7&_nc_sid=730e14&_nc_ohc=il9atU7fSPMAX8MGB2r&_nc_ht=scontent.fhou1-1.fna&oh=00_AT9iuI9PqF_LTOuYTWP4U5u9QOS1sogPYmcfbzUMoPaapg&oe=6304F499,"8/18/2022, 9:00:00 AM"
4,https://www.facebook.com/OfficialMensHumor/posts/pfbid02vhEZGSzt5gFDfvQRNMux7kN5aFVyP6hzTWdKJC8jCieEFLwgmp3zr6Jp9RTdnuF1l?__cft__[0]=AZUKmWc5Lavx26Qa7CKmR5I30G9gKGQ8ReA0Xme93NfLk_czhZ0mMEg9rhHAzVtVOgo1lp5_97lsxWuT5MrOmJd_tbpr3aVV7r1dpz6KCK2wx8NIUmnCE0bUbeG4zPAiUYPKzrgbcOUGfYJGnNJkSad65xXugCVSsp3YUC0MDQ72sqjVcCykhRO5arSORsV5U7slbHzU7mq4G0creydtFn7T&__tn__=%2CO%2CP-R,OfficialMensHumor,,2.9,3.2,12,https://scontent.fhou1-1.fna.fbcdn.net/v/t39.30808-6/300223126_6849369585076706_950977004625752729_n.jpg?stp=dst-jpg_s640x640&_nc_cat=1&ccb=1-7&_nc_sid=730e14&_nc_ohc=9fCmwkwz-LMAX9QRfSP&_nc_ht=scontent.fhou1-1.fna&oh=00_AT-rKg71k8FsELjnmiMQjcioYFo1v7XVC88PC_GNiHJKkA&oe=63042FA7,"8/18/2022, 5:13:00 AM"
5,https://www.facebook.com/OfficialMensHumor/posts/pfbid029WUopWXW7AAXVruQfK3tMRxVhfRu7ufKixTkrp5e2RBpM8o3vf5qVtCGBQtXx8xl?__cft__[0]=AZUH-Tb4LtWDLm2WuPq5eN-1de24ktD-7OxA3Kobq8gmJTTpgmALHR8hvHY7Ar5fpz7W-9M9r8HLkJYiOQu9keuV4vCpM5CddN8JK33GJWrQx1x2ZjF-kDPfPX6uBd0pgHthypsOQeUZkpKvtAkaBbGnvO9RSXvb3lEQkLSHTf9DeJT2A3DKJE593rb2v0m72BdqU_gJ5k7JsvOZpqU7Tmh6&__tn__=%2CO%2CP-R,OfficialMensHumor,,502,1.6,19,https://scontent.fhou1-1.fna.fbcdn.net/v/t39.30808-6/299151216_6846304428716555_5687967445321985519_n.png?stp=dst-png_p526x296&_nc_cat=1&ccb=1-7&_nc_sid=730e14&_nc_ohc=LAebSsJMIrwAX-hPuwH&_nc_ht=scontent.fhou1-1.fna&oh=00_AT_ZkATvZAK-yZSgF1t7NfqhPmFxBVBPOEo6-oIl9W85Mw&oe=6303F1ED,"8/17/2022, 4:00:00 PM"
6,https://www.facebook.com/OfficialMensHumor/posts/pfbid0bHwBkckPS7VK8SqCJjSPh9NT7LXNrrenQsxYY6LwdWjq1erFtZnbivnDYm9Fkavml?__cft__[0]=AZU1SaLdCD7F2aYn2KBcMISrKM37OLze1NEK_fMwrayzjPkQ0NWPigU0rk9aY9s42VB7m_iOE7w_9LNucOQpzn5eJEK5vVAP3yMl1VZfWfq_eNwkQ1Y08usVcxsMYCc-nqe3Wmz-bj_Bpi1vsM6RyUREpBwdrDVcn-g-33XYN1grQZfW_Cn4dIkw6c_5rrxQF3mSwOp_bpn0za1HiZM9W4SQ&__tn__=%2CO%2CP-R,OfficialMensHumor,Laces out!,3.5,2,8.7,https://scontent.fhou1-1.fna.fbcdn.net/v/t39.30808-6/299818134_6846302938716704_4384654137847162238_n.jpg?stp=dst-jpg_s640x640&_nc_cat=1&ccb=1-7&_nc_sid=730e14&_nc_ohc=gCpamPOyK3sAX8IyQk5&_nc_ht=scontent.fhou1-1.fna&oh=00_AT_WlZcVx46EjGSynYesTRosQ0oS0dXo5Q6IajmnK-vdhg&oe=6304426B,"8/17/2022, 1:00:00 PM"
7,https://www.facebook.com/OfficialMensHumor/posts/pfbid0tQDaUpdYm3EtaehvFHZkJtqHpSTECFWiiVofpzSVmQuWYE4gCD2R2U9upKCD3Aqbl?__cft__[0]=AZVW_Nmd_izDVAhwpEUMMfO1_-89LmLU8OYwSKH4EcYy6K7eO_VAAKKe71H9kUogbIRQ5qPa_46BDDdmlpnqW1EUr4MTf-G9-hNvG6RpcZWMKyR8AwzjvYZLC2cEylpxOLJW25-4s07MgkQAP_AJy8KlWwhnmYL35zOA5ZT8a3oCm4ywvsB_OX1AF_xIP3naOddR1cakpabOxnqyKKWk-E9s&__tn__=%2CO%2CP-R,OfficialMensHumor,,223,1.1,5.5,https://scontent.fhou1-1.fna.fbcdn.net/v/t39.30808-6/299589309_6846302282050103_6249306529285718015_n.jpg?stp=dst-jpg_s640x640&_nc_cat=105&ccb=1-7&_nc_sid=730e14&_nc_ohc=A442F--OcGQAX-VoxLL&_nc_ht=scontent.fhou1-1.fna&oh=00_AT83O00FNAMkRwFEZRBaHvTk74-F2AwN5EQ1ZpNrggDSsA&oe=63048306,"8/17/2022, 9:00:00 AM"
8,https://www.facebook.com/OfficialMensHumor/posts/pfbid0WENsLcP68wMRyxw3KPPFeB6MUdBB3FWDP3mCwVzYC8swTjwR92w9BoPD8CSTW29pl?__cft__[0]=AZUjRYaq45VyklFiGG8vHKpaZizTSnQyRM6v5o6ZOdnoyyuaJw4r7sG5DXeZs1LbcD79CESIiysxjTQk5woHabCEvAevicOuZgLPiLjEWvm9st9s4cq_kGZGnTS3Wuawvz_zHAZkDG94yfh_1ZVE4gssVAKQFGBLvLRwUvMKTACMiCgbRV50uiqYvKUkWOuGUCCcg6kquHp-U7x3YcyHD83K&__tn__=%2CO%2CP-R,OfficialMensHumor,,822,2.7,23,https://scontent.fhou1-1.fna.fbcdn.net/v/t39.30808-6/299230912_6846301532050178_6381792732764736073_n.jpg?stp=cp1_dst-jpg_p843x403&_nc_cat=101&ccb=1-7&_nc_sid=730e14&_nc_ohc=RXYUIoWCtcUAX-c0T9I&_nc_ht=scontent.fhou1-1.fna&oh=00_AT_ABVmIJWhzZsM8QG2dUiiPbVt4zMrgEV5bybm7XeQuzg&oe=63051705,"8/17/2022, 5:09:00 AM"
9,https://www.facebook.com/OfficialMensHumor/posts/pfbid02b4gPF7nk5JB4JktgJvUtVzeCsDtNUYzFFNcJZWQBusdeAAXAmzaTCHSzVdYXo8Al?__cft__[0]=AZXY2g07G9RfAgy1ivvRHkrWruexbeFLcdaJsLWmGMqj2DASa46to2cdpu9RF4Bi4FxxHIccODg5AC9cvbOsSdGUDbuIaz19fsA7334GF6G9XL_-sJNyHh2ecq1FIIXP6xIf5pw1xpL8Hwu3mNJK0renw0WZpKEndEkdlmotmh9Kt85jZ7kEh1V0nOvCqo0zryEF3-Apc5Scpr1x5-HblvNn&__tn__=%2CO%2CP-R,OfficialMensHumor,,859,2.3,20,https://scontent.fhou1-1.fna.fbcdn.net/v/t39.30808-6/298836277_6843390682341263_5460690701777628462_n.jpg?stp=cp1_dst-jpg_p526x296&_nc_cat=104&ccb=1-7&_nc_sid=730e14&_nc_ohc=Lhh90N0yvywAX9Bl-9s&_nc_ht=scontent.fhou1-1.fna&oh=00_AT_RGxrnLlIrFY6ZSV1Emy-MpsyK2QG5CpbqWW8nspfyHg&oe=6303B78C,"8/16/2022, 4:00:00 PM"
10,https://www.facebook.com/OfficialMensHumor/posts/pfbid0VU3DMZbh4EGbJb6eDC7Ud9Y8vuSyRhfeaVSqt4hyjmsuFubFPNwoP8dfUGiXspF7l?__cft__[0]=AZUZWXvmEBSLbfbi5sNeNLs6DJJZ8C9C0-L0U7H7bY1ENDLbwrhASXhK3h67DZeb_J1B6bD_WI4KxLb9YSw4bDRAE3ZBXK5saxLueAHSXPM1CK4xS29ZqztMa5ZMsV_dc-3L_qx1FYVSt-CDMnbFu6zgAqfGT4FNUV0gBiWrbwQWl2nTOhfPSNcd8_aH6sA0s4gxamgnnJk7bSK0dvzrnxWt&__tn__=%2CO%2CP-R,OfficialMensHumor,,791,2.3,7.8,https://scontent.fhou1-1.fna.fbcdn.net/v/t39.30808-6/299492704_6843380299008968_7017561422551564833_n.jpg?stp=dst-jpg_p526x296&_nc_cat=111&ccb=1-7&_nc_sid=730e14&_nc_ohc=5MudmRHG7ZoAX-PUmt3&_nc_ht=scontent.fhou1-1.fna&oh=00_AT85SjyX_0U4XAskXigyuqmxz2Y8iV0a79qKRgrOxQcN4w&oe=630375F4,"8/16/2022, 1:00:00 PM"
11,https://www.facebook.com/OfficialMensHumor/posts/pfbid02HN9KAZNuA2gxL3HD59TTTRaKXCEtCTv3JkPX19CNGRLNjJekzSTJJSWLx3wWTU4bl?__cft__[0]=AZX2uz6Stl77cAMTUya4AL79H2U9_r_Y103VzpRfaBuf1Pdesw_1WRquTPaIERcINkzlT9SelTLk-ZzHT_2U1pTgB9DU8h3sbeZdS7UiGRV-WgpBSHAJrF9tVw8EtxL_FlRWzf7wGoHPZ0BIwWmmAJE1cvVEkqobEsja6UhFkHiIfpGxZYg63fLz7OFVdPi1qtYYiGvHjcV7W7y1yw66_S-I&__tn__=%2CO%2CP-R,OfficialMensHumor,,2.1,1.9,9.9,https://scontent.fhou1-1.fna.fbcdn.net/v/t39.30808-6/298962983_6843375815676083_6790737754270179474_n.png?stp=dst-png_s600x600&_nc_cat=100&ccb=1-7&_nc_sid=730e14&_nc_ohc=K12Ay9ycdMoAX-PTp4G&_nc_ht=scontent.fhou1-1.fna&oh=00_AT-56Jt4t31gfGBWpaoRLdOiD9lDbdZbzXaMi7pCpOr6Vw&oe=63049E4A,"8/16/2022, 9:00:00 AM"
12,https://www.facebook.com/OfficialMensHumor/posts/pfbid0T5n8iz71jv8gRGRC8pzezK4oJFrs2gtnD2P9UegQa4aT6jD8amhgaqWevUXrRGVGl?__cft__[0]=AZWE1FfRBH-oDy1t36lRojZUfQxquDl_psH-Oz-oCNaRaHY91E88D_JIlAlg5B-A_m-3a0UzFdLBXMmVDhPHVV2CB_u4pzYffybtL5rxpq1iVZ-VQuK_nj-KLRHhYNeteN0vFO_asu3pXMmkf-L4N0n7bjC5mhHzLV9g_qNCCpxYJu_bgg9TWHgMfnd3hvf3KubZR4qTBUQGAMrIw4x94hbh&__tn__=%2CO%2CP-R,OfficialMensHumor,This kid has his priorities straight.,3.3,7.1,36,https://scontent.fhou1-1.fna.fbcdn.net/v/t39.30808-6/299640051_6843365242343807_8583920547271358451_n.jpg?stp=cp1_dst-jpg_s600x600&_nc_cat=108&ccb=1-7&_nc_sid=730e14&_nc_ohc=dJp5HDGk3woAX_Q_YOt&_nc_ht=scontent.fhou1-1.fna&oh=00_AT8Hy0gWDKsxDnzwrKfN1OMv-gA3bgBJNkZjG-2xGHRw4g&oe=630367D2,"8/16/2022, 5:01:00 AM"
13,https://www.facebook.com/OfficialMensHumor/posts/pfbid02tf4y5ANjawANaZ1tQyzuesHiN2L1tBZsYJkwKi4Dg3BDee7d8418pcCEFxKxH4hpl?__cft__[0]=AZVrztp2wFnJ5x11mmbk1dUmAXpXy4wDV5vq6vxtjoa9ioydtyf5NhNHWL6lYCON4oxvvrcMAN86F8pZOQGkIbn5MwI7zJ-LRWA4mc_25rSUMrGPpyjYXVrSiOabMn4_g8ry4UmypYUAR_uxNpRzjhV3U9-yrJ1x_V1RGZtY8a7kYRuPXK369yIJF1ZGpqHLO4jcfwcsHUnEFguSzmYPRLz8&__tn__=%2CO%2CP-R,OfficialMensHumor,,455,2.6,9.6,https://scontent.fhou1-1.fna.fbcdn.net/v/t39.30808-6/298966205_6840536522626679_8008994339710788038_n.jpg?stp=dst-jpg_s640x640&_nc_cat=106&ccb=1-7&_nc_sid=730e14&_nc_ohc=Zx-vWjGWO-kAX-GnwvZ&_nc_ht=scontent.fhou1-1.fna&oh=00_AT8DERxsRb_Xi9R5KRJk81d5GWu8WGDk4k7gTI3ntlgDCg&oe=63048A86,"8/15/2022, 4:00:00 PM"
14,https://www.facebook.com/OfficialMensHumor/posts/pfbid02hMUsXnLkRagpEHAcFfPkD5PFnm2ZJCKGzG7yxcjubSe3BJbgpiGVPxskZx3kPr9sl?__cft__[0]=AZW7yLhpp1nfV0ASQx3PSqZYHwSA-c_VZW2ZYbTZ7AO8pX2J3X--YjI04QtpBYl4cLcBzfRuI5OfWFw4KOnuN-w5t0L1M3WyG4PUMlfKdN3NHS1-7pCSEa35MeWJKm89Kd128Vk3k-Df94FW3047Qc3nN-6WHZxr5AwteoEdvx0CJVf6p3D8q826cYLfc3KuM_tlE49jUuOfeOSFRPSmptc1&__tn__=%2CO%2CP-R,OfficialMensHumor,,562,952,9.9,https://scontent.fhou1-1.fna.fbcdn.net/v/t39.30808-6/298903448_6840535685960096_8156284038241213356_n.jpg?stp=dst-jpg_p180x540&_nc_cat=101&ccb=1-7&_nc_sid=730e14&_nc_ohc=tq-LuufF8AsAX_lP1-S&_nc_ht=scontent.fhou1-1.fna&oh=00_AT_CftKZXxaIRoCJ4_MUdg0ExwxZ5kfdvKStr4-hmueOqw&oe=6304F2A6,"8/15/2022, 1:00:00 PM"
15,https://www.facebook.com/OfficialMensHumor/posts/pfbid0fMifnwahwf77eSarxJyu5Adg5CsHmDgHDyDR59q1NxwqMMN7W9akULdsYkHsFdUVl?__cft__[0]=AZWJkYtPQLnwTxR_xRb7ABj8E0dOK3m75_4KLR0uioa38c4R-ja_kcUiflJ_Xxf0kT3_i3jkHRDyEJc5Oydl64a_b3FLSpSivZlr0wx-PClYI4prFjwetZ4an8EzadihL4ZMLbJGT1xa78OYO0yjHVMu5Ve2IOmfHt3wqIh7GLPxUOuUssl13ydAVZWRanO7w6FVshRzDCGrL2dXaJcEr8g7&__tn__=%2CO%2CP-R,OfficialMensHumor,Felt this in my soul.,572,1,4.6,https://scontent.fhou1-1.fna.fbcdn.net/v/t39.30808-6/299778138_6840534345960230_6401868096623619846_n.png?stp=dst-png_s640x640&_nc_cat=107&ccb=1-7&_nc_sid=730e14&_nc_ohc=tCWNh8wor4YAX8FjDJy&_nc_ht=scontent.fhou1-1.fna&oh=00_AT_c_Rlt5KwsNHSo3zSwv5V7I0fmK4a2jcs8BY4NSbLVMg&oe=63043CC6,"8/15/2022, 9:00:00 AM"
16,https://www.facebook.com/OfficialMensHumor/posts/pfbid02rLdaqgJAmGZw61abtLWsg6fcDMaJ2dZDgyF4TR4DUANtU2HqfYEhJMbx44Xui9TNl?__cft__[0]=AZVywmrYlmJCxLvv-i3dFh46MHvu4uIbESVW9oXW5dPbrmJqElg-ZTo_qyFeodyKbRUtBaASpvxFu9eiJKQFQICL9e1-58hvPYqB2XOIJAbqBp5ssOTzEUQyyJFqDTn6f6Tub7x3JefHoUQSVhH7moZDR8uvDlTKBMOvwtWN3gm6xMHzq_02xgxXTlzrbfT4C7Clo2oQFr_h9v3hV5qq6-5c&__tn__=%2CO%2CP-R,OfficialMensHumor,,1.5,6.7,36,https://scontent.fhou1-1.fna.fbcdn.net/v/t39.30808-6/299189543_6840696735943991_6959259043926393320_n.jpg?stp=cp1_dst-jpg_p526x296&_nc_cat=102&ccb=1-7&_nc_sid=730e14&_nc_ohc=6J0oXjGDRv0AX8h66Zw&_nc_ht=scontent.fhou1-1.fna&oh=00_AT_pSGDRwf5J02F9Frqt50KkUTXgRmaNfWKMs1lVCNdkkQ&oe=63035D3D,"8/15/2022, 6:47:00 AM"
17,https://www.facebook.com/OfficialMensHumor/posts/pfbid0JuNQPMtw4ekfoDzw6fm7bBwJhnPFBdrh31pz38M2VPootc5wQxLR3u9m6F7LX8HAl?__cft__[0]=AZU1twuGF8zMcG4hSiDyp7oUcnh-wmxZ5zlrkf02IM8QIcA13vSsjZdreHFGq6bQuNV7TthPNGaf70US5qXXBjVLGJSmBVERWXqwUStBy7Cl49lGTHhZd-Q64HvBqbh2Z1eEODj48E_u41k5f8wgD3tGKywIKzgg_PAT8cWJ1MhgYj3sTamrmO02zhGlJeNRCPt19yaaTocFKi7NEjw4Nzuu&__tn__=%2CO%2CP-R,OfficialMensHumor,,517,4.2,16,https://scontent.fhou1-1.fna.fbcdn.net/v/t39.30808-6/299508855_6840522205961444_836889057238866509_n.jpg?stp=cp1_dst-jpg_p526x296&_nc_cat=106&ccb=1-7&_nc_sid=730e14&_nc_ohc=FeerkAprdK4AX8pra9B&_nc_ht=scontent.fhou1-1.fna&oh=00_AT-HCXbLQJZWuKNurbRwkwX1ycYWmvh_xynFazk3zBwGtA&oe=6303A1EC,"8/15/2022, 5:35:00 AM"
18,https://www.facebook.com/OfficialMensHumor/posts/pfbid0TZ5ezR9ZzkTVhrGJJZa6RHoteKvxonBAJCHQMt6LuCh5wGTTgV9yrPiegLgrbWAvl?__cft__[0]=AZVGT_O2YGBRJLZlz6l_CqJxa_8TmfwMPHBlUACCCe3XKVxYBsHFKiaTVlThvNY5aoOqs7z-cc_zlAqIPOexzhjUIYDnKEceAoucop1AlGP46elEbgvbwDDdDF-TWw6YGWU0pKj2eNAyQdq-WVw2CHWUFPYAxf_Dzy0AoIKKMhfBQPutTVMFJr5DDV74Wjvp-hFX3VNDGTIYs4cWmHsk2LL0&__tn__=%2CO%2CP-R,OfficialMensHumor,,464,1.5,9.5,https://scontent.fhou1-1.fna.fbcdn.net/v/t39.30808-6/297854222_6837386926274972_4382784699235178464_n.jpg?stp=dst-jpg_s640x640&_nc_cat=109&ccb=1-7&_nc_sid=730e14&_nc_ohc=5Oc8gt_-mGoAX8_TYFf&_nc_oc=AQkv6eAI3Io2_4MaoLKbvjbL5vVCuvY3Bs1QkGvFRglew5DGj8iGGFo0fyRoDqrXnaA&_nc_ht=scontent.fhou1-1.fna&oh=00_AT8xP7pzZozNOO7egscE_5kUTKB_OMEo5UMQ1VivppGUXA&oe=6304DF1B,"8/14/2022, 4:00:00 PM"
19,https://www.facebook.com/OfficialMensHumor/posts/pfbid0V4ffzxSpYcV5eZS1xwZUbooH6LC3GgdaaXDdEhbbBFTr2mYC4Ck2zXDSiqJHWXZAl?__cft__[0]=AZXLt6k96hNxcxswE3f2_kExj7szbSvF6hBOxSKuFOaBSGdWgP7XiuBfdINq_nEUBVJtvelDwnoouuIYE48iwOT86AwUy2-zbB7bCUlMG3aMlxbPDFX5lGlpCGdvniN-Nx9AYlZ6ut6EWh-4LbRwCR_kIyYhwDjiFM_5Trtdf6LZ_cI_Ky8hpzzru7m5XlufoDcOIGGILc9_bw9r_QMK913w&__tn__=%2CO%2CP-R,OfficialMensHumor,,2.5,4.5,23,https://scontent.fhou1-1.fna.fbcdn.net/v/t39.30808-6/298787093_6837386152941716_7367783769001646897_n.jpg?stp=dst-jpg_p526x296&_nc_cat=111&ccb=1-7&_nc_sid=730e14&_nc_ohc=mvkScuRsh3wAX9XULGY&_nc_ht=scontent.fhou1-1.fna&oh=00_AT8Ly8wFJ5UJJutUCyHNxd1CGNWWrx-6eFBFbsj-q9146Q&oe=6303FF50,"8/14/2022, 1:00:00 PM"
20,https://www.facebook.com/OfficialMensHumor/posts/pfbid02wE98bob6p4cYQ5nPx4rW85qE2ebNxoa4gX8UdA28dxtN28rS3F4pQWH1og5hFiuBl?__cft__[0]=AZUxKFGvWxzw74uklWbqq07x2INEU0t0ntEpAP2T-4_x8fftKikDqmyjjL7s-th-CaVE_vGoErXUmXeCI9eFrn5ADto5aFAcY7UwLIrA7nwdR8Y6fLfygy_-2un2tkF6e8jRyaEKWuCS7qK4jx9KSINeu-WIccxAhfVo3ejp8bpMz-30vtioVLY9056jPlQyOK3l2UFtP7cF6EpGh_4kKNUP&__tn__=%2CO%2CP-R,OfficialMensHumor,,22,20,41,https://scontent.fhou1-1.fna.fbcdn.net/v/t39.30808-6/298493799_6837385496275115_6069531812463356193_n.jpg?stp=dst-jpg_s640x640&_nc_cat=109&ccb=1-7&_nc_sid=730e14&_nc_ohc=9ETHdujlL84AX-OJK9V&_nc_ht=scontent.fhou1-1.fna&oh=00_AT8iHgzTyjwC8vLVQpitF3XotMS_NEDp8sxXX5QvwW2uog&oe=6304A307,"8/14/2022, 9:00:00 AM"
21,https://www.facebook.com/OfficialMensHumor/posts/pfbid02etCPreVLZYTd5ctXVuBDoXXpeKHbio9FE3sNXeQqpQPy8n96vvxXXHFTEiUaALykl?__cft__[0]=AZWehuaPqO7U1LTiWWY0dOBeZhinY3VDbi7G5IOLSiNpUhp1BKrlGfEp0HCxkhGdlDPKv0yRaYYy0COhUr2-5QchmG8g633kHL8BbSgnn3Wq57SEHovUmjtc_2oVRFnAke82K9v-h5AzWTm2FDajRcyhXq3CtWHDWazZKKxqzdlHYygAVDOH7DpJekNcoRjVEt7D5oDdC639rOZkatjTXTUA&__tn__=%2CO%2CP-R,OfficialMensHumor,Preach.,4.8,22,74,https://scontent.fhou1-1.fna.fbcdn.net/v/t39.30808-6/299635397_6837374049609593_4155949086331650664_n.png?stp=dst-png_p180x540&_nc_cat=103&ccb=1-7&_nc_sid=730e14&_nc_ohc=r4lRCr6yf7gAX8Ev4ru&_nc_ht=scontent.fhou1-1.fna&oh=00_AT81KyBIDeI7dybIZZWMqivGsBsAtuXPRYtTMkm5Kdi0gw&oe=6303E43F,"8/14/2022, 4:48:00 AM"
22,https://www.facebook.com/OfficialMensHumor/posts/pfbid0nRoZfCFXouYwccbG8LXzY6ywDfZmsmVfzWJiG17zURANWwgyydXAMkhav4371JtZl?__cft__[0]=AZVOXi5Xr1Ql5UKaid8b7en2SCRjoWSI98XUjHxqLfIXYmGZTNyjykBZTO2tBNPG2nziT3lHBnjzus6V0wONOYlGIjcqIrkC_A8r9MQv_5ML-IObOr5JSNI9xSrAGFfMd89MqlnFGqso4FtgfftOPO8O3qVUF1ip5ySCSuAOmIazlhCYZLuPcBAjIOhmp5vbRSlh-68-5sDnJAkfJF7coCYS&__tn__=%2CO%2CP-R,OfficialMensHumor,,1.4,3.9,27,https://scontent.fhou1-1.fna.fbcdn.net/v/t39.30808-6/298882158_6833295043350827_3744616618207380960_n.jpg?stp=cp1_dst-jpg_s600x600&_nc_cat=101&ccb=1-7&_nc_sid=730e14&_nc_ohc=Jeq_uDkvEc4AX_4Htxj&_nc_ht=scontent.fhou1-1.fna&oh=00_AT9mAPVX5znOwNpZ98wBubH3aSxlwQjfRR01doHKZkAB5w&oe=63042C3C,"8/13/2022, 4:00:00 PM"
23,https://www.facebook.com/OfficialMensHumor/posts/pfbid02cKnEdDocuenF8iahmcvjn2MrNnc7MZ2p29RNS3vn4n9F6fpDQAreJX3ZaLKUwHXjl?__cft__[0]=AZV-juq4jA2OrXTikq1_11N5RCqIAYLjLlbl3k6ogmrBPxTRrm4kO9MOFoWPxg9-QtBwolZLqruXmcvJNL9pq8Ove7Z6iWI4l4i_EdsmfNOfP_GvXkxSprJcrHnq_cBD22TUgvqMv8pknzyP7oolMW2O7hfy36EjlVE0Ulc-jsnPacbf4g3s6HrooI9vCbkzJIiFazyYxFipSrsVWtpMerc7&__tn__=%2CO%2CP-R,OfficialMensHumor,,2.2,5.2,21,https://scontent.fhou1-1.fna.fbcdn.net/v/t39.30808-6/298366836_6833294423350889_4451541515919847527_n.jpg?stp=cp1_dst-jpg_p526x296&_nc_cat=107&ccb=1-7&_nc_sid=730e14&_nc_ohc=WVBAryQ96vAAX_FYUIx&_nc_ht=scontent.fhou1-1.fna&oh=00_AT-vp14YMB97g-iXn2Q1WWXrEmEAiM6u9CVUmleDsYBFcw&oe=6303C440,"8/13/2022, 1:00:00 PM"
24,https://www.facebook.com/OfficialMensHumor/posts/pfbid022bcHq2zVxHMj4QZuK71kuEMYqewLha9KKz4BUUN9iezg6TLLpZkvjWzpcDBUvJoUl?__cft__[0]=AZX9I7aBsOSHHQxU4QSClGgc7Vo7PSHzwtcde8nfiL7pjlRG3lqHS2EaGeqzi2RM6SLH9wAhde2qt3QoEO4-hexR8cZkT8zPKN8DolfSSgCq4SXhcg87cqNwMisT0KZaeD8VCAxsEKP0RQ8tDaUVYHHAuX-DYG4KV0kqtjTo2KiruP9afDeougEZBmcFqhJ48kPRk64g-pXSymd9tasdYBWL&__tn__=%2CO%2CP-R,OfficialMensHumor,,1.4,4.7,40,https://scontent.fhou1-1.fna.fbcdn.net/v/t39.30808-6/298191009_6833293293351002_2730890104624019045_n.jpg?stp=cp1_dst-jpg_s640x640&_nc_cat=107&ccb=1-7&_nc_sid=730e14&_nc_ohc=_20FmxQk99EAX8HkNlF&_nc_ht=scontent.fhou1-1.fna&oh=00_AT8EUaf1eCT9vqGa2LFeH44MukXd373id9y8mRU0cztoGA&oe=6303A60E,"8/13/2022, 9:00:00 AM"
25,https://www.facebook.com/OfficialMensHumor/posts/pfbid02xrHCaWAq4pDtygfgvREsHC1qraLBxiLzjQEAbhvWzkqz9QT5ALb1nnhwCYBCaoGnl?__cft__[0]=AZVgx9YR-VO2NNtVfB8D5pFGFtDRhYZwoEwKprpXMGdGS6RgOZteQOFLzH-JQwyFkZiCv8DY2ywblhBzhkl_KR_ffjNhwBX9RUYKux2mi6D2XVTDJjPe7W4NrX33XnqN5O-E6bHOi5dBN8myJW5L3klFjBe8CB6l4ACUcf8975BFCdqqd3esDEPsIEvnz13ShnJlyR2aX4K8DTvMYaNmCI8Z&__tn__=%2CO%2CP-R,OfficialMensHumor,,1.7,4.5,14,https://scontent.fhou1-1.fna.fbcdn.net/v/t39.30808-6/298705676_6831804753499856_3944085627491913076_n.jpg?stp=dst-jpg_p180x540&_nc_cat=106&ccb=1-7&_nc_sid=730e14&_nc_ohc=unIjX7zSm0UAX9F9OJp&_nc_ht=scontent.fhou1-1.fna&oh=00_AT--5GWAy_Se-ZPsJkcIyXtCnxC0lCkoigZiLqW5Wn-UGQ&oe=63048C80,"8/12/2022, 4:00:00 PM"
26,https://www.facebook.com/OfficialMensHumor/posts/pfbid02uaN3t4gkddRsTsjeh5WMg3MQyCBTB4nLcZ3cVS8p8pmbPtEHFzBShD8Mhava7hr3l?__cft__[0]=AZUAIcj9QbCtV9PMY06g379sfFxLMBys6Omrfj_hUqzHUNQVU2_1FCt31i-1BfhZytj9PA6R6tRhk9SKCJIv2HLy87xYBlL4Hn9TapQ5xbodcE9yevIHhFfFR8m2dhtEc4Fg2FXfBk7vs-eIDMjCZNbvpXtKMgBK1HGgMRRTAGgi-842CXtbVR9QCweuQBejXFfB55JkbQKTirk9kcktQZ-6&__tn__=%2CO%2CP-R,OfficialMensHumor,,1,5.3,13,https://scontent.fhou1-1.fna.fbcdn.net/v/t39.30808-6/298060559_6831803723499959_4117653658462866370_n.png?stp=dst-png_s600x600&_nc_cat=103&ccb=1-7&_nc_sid=730e14&_nc_ohc=UrXnFl3ZbWUAX8IBf8U&_nc_ht=scontent.fhou1-1.fna&oh=00_AT_jAPUBD9p4vQFEuHr9TECI7re8-Mf6OgDc352Iy3C99Q&oe=63042963,"8/12/2022, 1:00:00 PM"
27,https://www.facebook.com/OfficialMensHumor/posts/pfbid02RFQYy8TGErHuqqivfYNgx5FWGvPZiyUkAXbBEqm2FfkQd11kGGsRmhh1nGXfqvs6l?__cft__[0]=AZUt9U082MUHMJKTrL6rSBdzsBt9_bgYGXq4gT_D6xCtHpqcHZqtFpj4sf3pbZ0aXjeQ3_3zx05vYmRQAcNMqZnQ6dtdgUoHVX5OIn27L4kXHdjm2oCAzLoGJN5WgHECSjZYLAEezo6vkrrdTZ5sAeDsPJe_DT3dY-U5kBuwj9s0jQAQWn829Xwl12hqaIPKFQb9uFtG66u3cIYukTKz_Dd-&__tn__=%2CO%2CP-R,OfficialMensHumor,,530,847,15,https://scontent.fhou1-1.fna.fbcdn.net/v/t39.30808-6/298058355_6831802043500127_8181800362418438235_n.jpg?stp=dst-jpg_s720x720&_nc_cat=100&ccb=1-7&_nc_sid=730e14&_nc_ohc=RjfaNqZb0H8AX9zuwuO&_nc_ht=scontent.fhou1-1.fna&oh=00_AT-MpaYxvjDDM7lqQeS0mQL42YtqKjMPZ-9iTV_VeqMPYQ&oe=6304D9C5,"8/12/2022, 9:00:00 AM"
28,https://www.facebook.com/OfficialMensHumor/posts/pfbid0GRRwrF9yUXSw8pgDNEea6LHLe5k1zLw9fTHN4WuwJwTDqcjiiJbeLxFEmdStTsaKl?__cft__[0]=AZVbyHtmR7s6d_6HtkLyqjtG-QBbqHAAolPajl1SIE6bpDPrbM2Bf6wZjeDb-IRq58AX4x_Savv4V5gAxHKUgyKf3Bj6Y3gEV2izNmj8UGel50gpF-IKNoiS9nC6i3om63myaiOA5jqSLBYb9t7vKFMLxZJ9xk1ggcFm8KNxy_vFGEvEDenrBjGITJRxg5g2r8I6G6p5cRvZeV54VSEUEuXY&__tn__=%2CO%2CP-R,OfficialMensHumor,,1,4,23,https://scontent.fhou1-1.fna.fbcdn.net/v/t39.30808-6/298823310_6831931753487156_6207806003961410828_n.jpg?stp=cp1_dst-jpg_s640x640&_nc_cat=110&ccb=1-7&_nc_sid=8bfeb9&_nc_ohc=RDoXi0dlPY0AX9Uh6Gf&_nc_ht=scontent.fhou1-1.fna&oh=00_AT-cR1RyqBfNSTlbIP-TiX3L9deI6A2MWirMe_-HUSCdDw&oe=630394CE,"8/12/2022, 6:19:00 AM"
29,https://www.facebook.com/OfficialMensHumor/posts/pfbid0gYXEPrhpewEooM8ujpENVBJpBSHp2cJFQeSYrepeDP2NZDiY9wB2hqjKfdYRJb92l?__cft__[0]=AZXiOcxUp6E0cS7ceOLNyCjX7UVeVSMGRcYHDcEL6SSmgxqATcL4uLuT9nBsFxBLwBJ7_G2tKGLddNV-RYfAXO9qqLdvEF4Htu-CyaEzvCKQR9q_jDjq_ZZeJTI8ynwsyVAh9t5kYlm24yCG115Gb1PW3EvgVkBQePGeg2MKi8Ow3Xm_xmSK3TLQtl2ZwJ4gut38DNl_rgwbB8qm0UMx25ug&__tn__=%2CO%2CP-R,OfficialMensHumor,It should be a holiday.,732,3.5,14,https://scontent.fhou1-1.fna.fbcdn.net/v/t39.30808-6/297277384_6831781103502221_2019079619808760583_n.jpg?stp=cp1_dst-jpg_p526x296&_nc_cat=111&ccb=1-7&_nc_sid=730e14&_nc_ohc=vczhLpLdGRYAX_zLkqp&_nc_ht=scontent.fhou1-1.fna&oh=00_AT-H0-g6lmf-QzmRNmIoFqZInnv7KvoS4m6-GItTIQ1qow&oe=6305005D,"8/12/2022, 5:11:00 AM"
30,https://www.facebook.com/OfficialMensHumor/posts/pfbid024jtctuX8H2V5xGrwLZ6fwSWF4vrxM6aUjccE3jEn8ntrvSgPfKYoEpZooWkDiFD4l?__cft__[0]=AZVVOxJXNnv05zJtj3QgtKcj0SYryIQFebVJp5V3689C_kggGSxhegXmkDTIB70E9AEzc1FME9JJD3_9AQMVWg2ftBlBw5XRNTOPY8Ju7NSWbHAybMwBH0r1Y_ydlBzvwyvshRy1P64sVrnLzoCq550F7eZuwxTJU6Pbnft8DYdK6YYMOWhNoru1E5UTmM86h5l2a4LPcqSElrGqYgZJrbO8&__tn__=%2CO%2CP-R,OfficialMensHumor,"Same, little man.",867,2.1,8.3,https://scontent.fhou1-1.fna.fbcdn.net/v/t39.30808-6/298970649_6829919177021747_4769571667767302930_n.jpg?stp=dst-jpg_p180x540&_nc_cat=111&ccb=1-7&_nc_sid=730e14&_nc_ohc=YfFUAMQntfgAX8maODn&_nc_ht=scontent.fhou1-1.fna&oh=00_AT_Je4rN-MO5uaF4EI1iX2lPLICWLDHs7tTiNzjY_JV_jA&oe=6305178B,"8/11/2022, 4:00:00 PM"
31,https://www.facebook.com/OfficialMensHumor/posts/pfbid02zKuE8dXEkBSJyLauVVDDDd1svMLwKkdkxFEe52gqG6mdha146fesDbJjF9Q6sMP5l?__cft__[0]=AZXoGs07_wiLq_k2uLv1B-BKwzEvSbLRKYi_ZfoYx8MlJHbxAfbsztftNql56PcLoG2Bm9glhOSiKASOCWVqJYpuk78jMOMnhexd9YVf6aB_dCzzmnZxxQ_MMBUkD9C70MngJpsLTN7oBEkxagJdBTpelPGU5RxVYhGDN00kaN2drEDUf6180IKYeoyp2XQ2itwl41aoIeLd1NS8VXb9j3Xh&__tn__=%2CO%2CP-R,OfficialMensHumor,Respect.,2.2,8.9,48,https://scontent.fhou1-1.fna.fbcdn.net/v/t39.30808-6/297879082_6828857600461238_2625925938628050181_n.jpg?stp=cp1_dst-jpg_p526x296&_nc_cat=103&ccb=1-7&_nc_sid=730e14&_nc_ohc=YOUOQHaC85UAX9HU1w3&_nc_ht=scontent.fhou1-1.fna&oh=00_AT_h_EXDpaQ2DBeuqN9oYwxToEmF3tuYHY0pTYxEn7DSiQ&oe=63036909,"8/11/2022, 1:00:00 PM"
32,https://www.facebook.com/OfficialMensHumor/posts/pfbid0CiiwFoM4JFdGAUF8bKa8uCYH3wcb9hfeSDiJCNzY2qWqJu4Tr1rTbLm4soKWPbzzl?__cft__[0]=AZV_MbqbGiH7mtV8X2LtoUFAlrjf9n0ua4vHln2C-J2JCFEyItc75fXidXX545TpZWNd6WkBTPorh0yUTi13n1FML4Fkn10gIFN2lsPrn7rRZ6x4aVB5cjumY69R-gVqwrqY9amo1nzJZBrsuF2cADBo1K0Ri-kXFbVdOHZgioDAeg_L91RYITfBU4D8raIBpmJYc_eaZSHXvX7KPExg6rnM&__tn__=%2CO%2CP-R,OfficialMensHumor,,4.5,5.6,29,https://scontent.fhou1-1.fna.fbcdn.net/v/t39.30808-6/297871632_6828847720462226_8634729248138831060_n.png?stp=dst-png_p552x414&_nc_cat=101&ccb=1-7&_nc_sid=730e14&_nc_ohc=3_-2R1sju5wAX_-UQa1&_nc_ht=scontent.fhou1-1.fna&oh=00_AT80hR09xjWxmbYTyM-5KNLKTyp5Uh1s97kuMJZzoWpV3w&oe=630538D8,"8/11/2022, 9:00:00 AM"
33,https://www.facebook.com/OfficialMensHumor/posts/pfbid02ku87vAsGhmxAX49GKXySot1jismRxFVERFkh5nqikVLDTXynhoTPGBbZeuv3WqBnl?__cft__[0]=AZU8O9GqwFc4LML408NiHfJCq2J-JzmgYIE6o5WxgCwWcJaWduytvA9gWIzCqyYOc7pxlacU2fi8JgdumHEXY5Pn3OV90zB3xZGIfJWodFbwA48vfhwrkvS6HgNJQXUSBhcoKtJ9FoDdVPqd1UDmVX45CAHSWrAj3RHwGJ4x-Gm_8E6DCOCuFK47hWbHszTSnJQtAYfz49HvUBYmNJbmGVg8&__tn__=%2CO%2CP-R,OfficialMensHumor,Pumpkin Season is coming,1.3,3.8,14,https://scontent.fhou1-1.fna.fbcdn.net/v/t39.30808-6/299039881_6829213337092331_6770569760997568394_n.jpg?stp=cp1_dst-jpg_p526x296&_nc_cat=110&ccb=1-7&_nc_sid=730e14&_nc_ohc=WMi0lulnxUgAX_Pl7ID&_nc_ht=scontent.fhou1-1.fna&oh=00_AT-q1Du24WwajsTf-lYlKudZg1Kr7QF84malKE3RVblgvw&oe=6303E1D5,"8/11/2022, 7:31:00 AM"
34,https://www.facebook.com/OfficialMensHumor/posts/pfbid036wZCVNGQGfTiR2mCLAJTm3JhUR4siH8E6qXwYkkhLRP72Sy6CkQd6de3gfpTAF9Cl?__cft__[0]=AZXdl_qEWaILovshHl4IQ_NHm_CGYYdhYRMsqIh6JAbUhF2InhiNfMZMr4Cy5rp99ft3rkWE_olejOGL85d1a6ediCL2daZhcpz3OHqZI3QVyQfTXSssLb7WFFIwajaj1w4EoflhqToOo5GufILggcernConHIJ6WeRwVw5MVjqD6kgnEeHWyNr-Kykyhm9yWnyAIqFv6LCfd_mFCexvA4qN&__tn__=%2CO%2CP-R,OfficialMensHumor,,1.3,9,22,https://scontent.fhou1-1.fna.fbcdn.net/v/t39.30808-6/298575901_6828846777128987_3537147791407478976_n.png?stp=dst-png_p843x403&_nc_cat=109&ccb=1-7&_nc_sid=730e14&_nc_ohc=sSh81jIKadMAX8zx-Zy&_nc_ht=scontent.fhou1-1.fna&oh=00_AT_AefTC1C9Vq-IaqvgChIpjlUcfhSSbNhMbyz2jy7OVqg&oe=6304B8D2,"8/11/2022, 4:52:00 AM"
35,https://www.facebook.com/OfficialMensHumor/posts/pfbid034L5gYGSzcuRXn1Gq85Lm2eLgjEztvsLCKthhkUe9v7msKCrizi4YCtXGDHXGVgtJl?__cft__[0]=AZXxR72qGYlf0TnpBPXuwBspCd_qJaWm07fJ0T21gg5bUDt3hTmQoxv_UGTVYDvE6UpwBVaU0aMMNQx81xKeM1LWM025MhYx7wGkOz60uSJ0UJ7_fIFw_XDyeyuVn1Pq8Ay7jNhPHFjY1irSvXYgaDs0zWOnFkdrgD9TRZB0V3ha97XLh1ma_zg8jby8K8Phx3aNJl_LrfBI7Tftb6w5fN53&__tn__=%2CO%2CP-R,OfficialMensHumor,,1.6,7.7,28,https://scontent.fhou1-1.fna.fbcdn.net/v/t39.30808-6/297506334_6825991467414518_251470877534995701_n.jpg?stp=cp1_dst-jpg_s640x640&_nc_cat=110&ccb=1-7&_nc_sid=730e14&_nc_ohc=KxCqQdATwFYAX_kYptD&_nc_ht=scontent.fhou1-1.fna&oh=00_AT-P0xIY6tu30QhrnWxBrRtnJqqoHqb9nFjRNELrj5SG3A&oe=63047D05,"8/10/2022, 4:00:00 PM"
36,https://www.facebook.com/OfficialMensHumor/posts/pfbid0cvjEbJDfRFxNk1thwpETn4CWdb25varPNpUrMHJa2buEE6Nt1hrdyz9oSaQFq66Ll?__cft__[0]=AZWv2_hZhVW6N3ocDJfWpQM_Fe5JPnv7uuzUqHsyXb8DWzvyrp9nvRAYsjj6FOH9dk8wbVt-IyKOmJKGSYt699nNHbbjgJ6OD7Mqy2xUvapTukhCfxhndsGFj_rK2_Qi4cCEZ2dTPAwj1f90lOpVSGlh2G7PDWM0U9IGDZJcHWAXMy43QEGTgMO5fCFQDVGlC9R131qx7n29XCNulbOglhoa&__tn__=%2CO%2CP-R,OfficialMensHumor,,824,4.3,16,https://scontent.fhou1-1.fna.fbcdn.net/v/t39.30808-6/297905653_6825990637414601_383059246707414718_n.jpg?stp=cp1_dst-jpg_s640x640&_nc_cat=108&ccb=1-7&_nc_sid=730e14&_nc_ohc=hzpd7sp7U5EAX8_uAgR&_nc_ht=scontent.fhou1-1.fna&oh=00_AT_CjTfMtO_IigKLwMfqiCK7c3dnJVo6t0zA3hvuMjd6EQ&oe=6304C050,"8/10/2022, 1:00:00 PM"
37,https://www.facebook.com/OfficialMensHumor/posts/pfbid034aPV83xa5LwBnLCbg33JovqeEbWudjL9T2htB4qSw1HoT2KwkKY9dQsfrFhgo5UCl?__cft__[0]=AZWj5-CZikRjMoL8R9uCCJthHlZJNazZWkN_05_7f0NfZLviM5EcS2Ru3nkQve2m_jz3SDpb3ctFCaHp8xIKXltbaEXjkGLyrnC0JcNS6jr8If6nvkAfvy8S5VuO0_QWHgyjJSNTl6RCc7txb1ClZXFH3l1NZmfKAfljNKSYcNCyTedLPOSrvOpEgiA6MHYEhVlGG9O29Lppt61Hm_JsKez-&__tn__=%2CO%2CP-R,OfficialMensHumor,"C4 crew, where ya at?",2.6,825,1.8,https://scontent.fhou1-1.fna.fbcdn.net/v/t39.30808-6/297830528_6825989427414722_3206385956156246828_n.jpg?stp=cp1_dst-jpg_p180x540&_nc_cat=107&ccb=1-7&_nc_sid=730e14&_nc_ohc=y0xfRz-8_yIAX8MdfcC&_nc_ht=scontent.fhou1-1.fna&oh=00_AT84H3g30Qiic8gOKmQNF6H5HzoM56rj7TcvnesejlHaWA&oe=63041A6D,"8/10/2022, 9:00:00 AM"
38,https://www.facebook.com/OfficialMensHumor/posts/pfbid02JHf4jsCU49i7h8WsHP3mNQLis3Z2hNPCfaxkz6jnWQ9buUWfakyRCwWJUXFpheaTl?__cft__[0]=AZVQxjX88kivDh2S4qiV2asWbnnjZ9F6-df3Xs3kN7LvkgLkDoxNU9k5yizCa8Gj7ETB7CkARQHCSDkKbVIbVz_dYta3nixRi01-OkzM5svGNl1omP5kKopuv97rQqsCKpaB3F3ejVqBUcl3MQDiuOoQAG7jLlXKQSYqE-LXk70aSLzSYcnfLmQpYm4BsqzdyfMYhXQVrUva_2eu2xs_fOCm&__tn__=%2CO%2CP-R,OfficialMensHumor,,1.6,9.1,11,https://scontent.fhou1-1.fna.fbcdn.net/v/t39.30808-6/298268953_6825987727414892_3065627779395178705_n.jpg?stp=cp1_dst-jpg_s720x720&_nc_cat=105&ccb=1-7&_nc_sid=730e14&_nc_ohc=bY8-PMllBnoAX-Pm4Uk&_nc_ht=scontent.fhou1-1.fna&oh=00_AT_YYkytHynq8N5Y57HMKsdu2fkrlLaRHhaM_-dnvoreVQ&oe=6304FA63,"8/10/2022, 5:09:00 AM"
39,https://www.facebook.com/OfficialMensHumor/posts/pfbid09jdFWa6GqGHi1eZuJZr9USU17Z5g9QpaR8zGiYapogT7CgjeFqibtmnSBvkV983rl?__cft__[0]=AZWwJhMXhSBmeTvG-cMX4zkJGjHXz9aZhu5ZuJuAXMDJFG5j5rCTK1lAx-dSsESssVb_sSrWca-gCYxPtIF68agO-sBjKQBWiQKtjTYuvJjXBzniTzkpTs3KH_Pdo3IVvHarzYZV8f-3-0SK81Zb7_WN08ZXFifuZG1IbO0YgYHTA07g9Q9hF860YxKw_I8-KhKwreHQgKm7XPWMY92ec_E2&__tn__=%2CO%2CP-R,OfficialMensHumor,I like this math.,3.2,11,20,https://scontent.fhou1-1.fna.fbcdn.net/v/t39.30808-6/298263143_6821796851167313_8864712902655374273_n.jpg?stp=dst-jpg_p526x296&_nc_cat=105&ccb=1-7&_nc_sid=730e14&_nc_ohc=iw6erl_Rr4gAX-VatcW&_nc_ht=scontent.fhou1-1.fna&oh=00_AT9v7So83XQEZPnbfHeqdbxDzLGSL8MU64N4qNH2xLivSQ&oe=63043749,"8/9/2022, 4:00:00 PM"
40,https://www.facebook.com/OfficialMensHumor/posts/pfbid029uLw7PN42c2FiPAnmTgxQBjcy9gipwEroHhQa1bufLCde64GVu782cN6DMgpHxn2l?__cft__[0]=AZWMUCcYpmwERyfZEQenxE1mEfsl3bTa_YRakXrqmNTSDqfDbhGbs_EztHIuac7FUSF4lZwu3K8YVM1tDLEkCB9D7ZBwldOn1K9GADKraReX01J-xzvXU95K78F-qmyNPrwzG3pFWa29GYWUd4J48Wq7VoV5_IkFYCA9z8XPRVKZ1Pb0552p_Aj8IIuNenJ_768kFksGTfxMaCVwfZo8wj9d&__tn__=%2CO%2CP-R,OfficialMensHumor,Give this person a raise!,173,250,3.7,https://scontent.fhou1-1.fna.fbcdn.net/v/t39.30808-6/298037070_6821793661167632_8993031096368258194_n.png?stp=dst-png_s640x640&_nc_cat=104&ccb=1-7&_nc_sid=730e14&_nc_ohc=xZGpNLPLuDkAX-pD_5-&_nc_ht=scontent.fhou1-1.fna&oh=00_AT_M4whwQojuUPU9vYjoTPr7oK-uDPicyZHvx83r_5oKUw&oe=630480FE,"8/9/2022, 1:00:00 PM"
41,https://www.facebook.com/OfficialMensHumor/posts/pfbid0McQxroCr4YiMCPYHLNDo3sY6sUCU8x38BTBt2y4DbUCMHwMx3ozccRQbuyP368gSl?__cft__[0]=AZUPrNb78zhqtbzu1tYziy3LQbpzAh_Qomo7HcFqt9u5mJfpJOj5YowM_8XrrCFXVRRjtoyJxix5TfXf51b5NDl0FS48XDen4RdSHN_-tq6lrA35qrciyf_URxsLDGfqGJbkb2s_rqK2q9lCaH3sYSTDeiS0GBoxwVjNt9mzvD9CWzgCblPWkJZHpTYuU5D58r_sDQF327jsNFBx0qlNzhqy&__tn__=%2CO%2CP-R,OfficialMensHumor,,748,5.2,18,https://scontent.fhou1-1.fna.fbcdn.net/v/t39.30808-6/297028119_6821788414501490_1997119977980734745_n.jpg?stp=cp1_dst-jpg_s640x640&_nc_cat=106&ccb=1-7&_nc_sid=730e14&_nc_ohc=huC4EQgHdfsAX9f1BBs&_nc_ht=scontent.fhou1-1.fna&oh=00_AT8Ulv3X83OYC3WS-s1wpDSfb2bAVJVfLb-L8LmjSjoMAA&oe=630388D4,"8/9/2022, 9:00:00 AM"
42,https://www.facebook.com/OfficialMensHumor/posts/pfbid0qvc86K9uxFRvgZMZ2WCHJSfKoirYkJ9MSMsV2XrsgTgLBLMkcqYaCoj5WhCAbcyZl?__cft__[0]=AZUwCQBG0yTWy-4s8CT_doUrVGRrjFoTxRG1h1vZh4zMn0P2lKTSyiTm2ucpSjQgRNHl1mBmntqskeb1rDjFTpaDYhPeZFb5yK691kFqeLE5sdJxh26MoXX-XKATR2NdKtlA3T1btxs7L0sUwJCw97IXO8_ckkm9SVDx8VFk_oPZLLz4WOGwPCDIp-IEEFVURIcsJoUrt1P0lhJ67ZOUDswn&__tn__=%2CO%2CP-R,OfficialMensHumor,Those were the days.,2.6,19,32,https://scontent.fhou1-1.fna.fbcdn.net/v/t39.30808-6/297061720_6821787224501609_2269134402227481538_n.jpg?stp=cp1_dst-jpg_p552x414&_nc_cat=111&ccb=1-7&_nc_sid=730e14&_nc_ohc=qDM6VYQsukoAX-IB0O0&_nc_ht=scontent.fhou1-1.fna&oh=00_AT9346I7PMAxAdcTSyW4Bn-F7D83MVftF2q8ct9QUrPhxw&oe=63053964,"8/9/2022, 5:00:00 AM"
43,https://www.facebook.com/OfficialMensHumor/posts/pfbid02WmPiawpvMvs8yHeEy5eQjd7jbd32gdok3brED1R6CeQUwH4YX2XdNAf5G1zCGJDwl?__cft__[0]=AZU4uWM8X8ZB_geTrNAn4WtesKpXmesEC1nz7aOluJR2Q_AjH12kVXJmD6ubIssnRQOhxkPN1CTMJuZGvf_9-sH2sgOC1iigXadHWw5sYe8xPZ85VO4vtKB1MLz0YZuoD847-A9s9zyq2tNnjQBPjvd04SqqneoAaz-JYxcyWIpZPjH5D9hSKnHdNxnPWj9mE9OKA88DyS6W4y6NZQRS-FFL&__tn__=%2CO%2CP-R,OfficialMensHumor,,1.8,4.3,18,https://scontent.fhou1-1.fna.fbcdn.net/v/t39.30808-6/298378551_6820420804638251_957603393680362601_n.jpg?stp=cp1_dst-jpg_p526x296&_nc_cat=110&ccb=1-7&_nc_sid=730e14&_nc_ohc=PwdoL5e3TGIAX9ZTG9A&_nc_ht=scontent.fhou1-1.fna&oh=00_AT8G13130UTSBbrHqTKhsyfAvhmuObqwXqcGFXl4DQ9h4Q&oe=63037D0D,"8/8/2022, 4:00:00 PM"
44,https://www.facebook.com/OfficialMensHumor/posts/pfbid0REyGuYLKxUUzwMHQd9QHYBDHLd5Mx1LveN9uT2UGXyLkQV3CDaAa5zzUhr4nD6f8l?__cft__[0]=AZV-Aw94m9Eh4O8ejnYYPfDbEmupPQg_H1gki4l7tpHGxM7sjgj2E62aoECRhgg6y_HetKqEnZqDlqah7c4cKPqcDg6Ve1QiWPRXZpoA9vUhbSAA-IwipoPmj46idG_h7GpSf5LzF78EU5dSkH6-DnwBdK6QV-xEk8H_F2C7SQ5tdGgAMtKiLdCVrYuFG6W-bvx2GQ0QrachB8XJsWROZ2sN&__tn__=%2CO%2CP-R,OfficialMensHumor,,1.4,4,9.4,https://scontent.fhou1-1.fna.fbcdn.net/v/t39.30808-6/298467481_6820413287972336_6384579387562465196_n.jpg?stp=dst-jpg_p526x296&_nc_cat=109&ccb=1-7&_nc_sid=730e14&_nc_ohc=9myo8pNZ9swAX9jg517&_nc_ht=scontent.fhou1-1.fna&oh=00_AT-S9jQ7UWYoyLOCzI8N5BpuxMCeVknTlXX4y8qJuGtdUg&oe=63049C79,"8/8/2022, 1:00:00 PM"
45,https://www.facebook.com/OfficialMensHumor/posts/pfbid02PUe5kRFLeH7iQamPE5vqsLWE7iy9vo7kvhLYrKR7SdiPNfVsjtFSoVyp7FZgVVkZl?__cft__[0]=AZXreeii6u6w6C_z7XA2QygARGC5vxaAhGfWUT0rdVaBFjZQCLr4owD0olnNolDJelWmywuqWFflbK4mgN2ugYB6dgZQnyEoOuy04tJZR0rraSnSsyv9OqtJHbOBPwN7OyZRXjrPmiSpX2by7huA6JwPqZ7ZF7SjCrlIxr45dEM82gf90RMju3IUuDNw7EUBjKg7zFhF28On4rybMMCNZylr&__tn__=%2CO%2CP-R,OfficialMensHumor,,1.5,5.8,17,https://scontent.fhou1-1.fna.fbcdn.net/v/t39.30808-6/298398456_6820400281306970_5524905406828994399_n.png?stp=dst-png_p526x296&_nc_cat=105&ccb=1-7&_nc_sid=730e14&_nc_ohc=j0dhPuLXvXUAX_cl9Xj&_nc_ht=scontent.fhou1-1.fna&oh=00_AT_dekYCnntnXtQ1154trej1mV-TUo94ySszSpweIAe41Q&oe=63042C3C,"8/8/2022, 9:00:00 AM"
46,https://www.facebook.com/OfficialMensHumor/posts/pfbid0SRSovcZ23bL6ccyG4vUw48G6of43eCRQNBXovu7Ud6i7jAnkKf7xwHmgxtCVkFKWl?__cft__[0]=AZVHVOb4fKlMouvqreiLO9ugWrmEXCcPoRoWeoszQNkYtCu0JA0yg8-Zd12mpA4_VoyHtk170W3ykznYuyuRZ67A8L5bmeO8mFIYHCIu5zUGpF_mTu6CbpXoXGXo6xICw6fyeAVnzhcYNXRrYtaT06JHWrkS88D-XYJchg5HWR2oDzDZURDreRnmUGMzo4u83h-pBIDz_upqO_w7hcv2LqWH&__tn__=%2CO%2CP-R,OfficialMensHumor,,1.6,4,17,https://scontent.fhou1-1.fna.fbcdn.net/v/t39.30808-6/298271361_6820707374609594_2708403863685468683_n.png?stp=cp1_dst-png_s640x640&_nc_cat=109&ccb=1-7&_nc_sid=730e14&_nc_ohc=FBd1qEkMIAQAX8QV2X2&_nc_ht=scontent.fhou1-1.fna&oh=00_AT99svfEy_JCQPxGf0fmjSPOTs9HSEf745Z71Lcd_IqE5g&oe=6305301E,"8/8/2022, 7:37:00 AM"
47,https://www.facebook.com/OfficialMensHumor/posts/pfbid0qFqWdbs2DsXiubimgHDjr9d3jYGT3deRwagdvDsu4C43Drh23qUgbrZJNvXhjCMSl?__cft__[0]=AZUd3UsJHgqycscXCgWeLV6YCQFT0FXoTZNgpCEMLw4DZxbxMfnXqWr5VTF-xzZgEB5lwsF5wQLR3pi0G5_PUYc-JgnO96cEiuV322CQGrad3Zke1Tgut1Rr_JFl9Z-SEHqEPOSwntvxUo8f4eaMUaR-qTmT4r8kZrLDlyw4m9BBypphpAS3Zeu1F_-j-Q9vUY1yaRb9YQptJ1xC6niQ9oHw&__tn__=%2CO%2CP-R,OfficialMensHumor,,3,4.4,13,https://scontent.fhou1-1.fna.fbcdn.net/v/t39.30808-6/298500520_6820392117974453_6791050636212836036_n.jpg?stp=dst-jpg_p526x296&_nc_cat=108&ccb=1-7&_nc_sid=730e14&_nc_ohc=8sYILbgiEI8AX8j0RFO&_nc_ht=scontent.fhou1-1.fna&oh=00_AT8WHHoQ9YgMGV3Ui8MgWi7AIuocLpe8Be9xsWlGkRNUbA&oe=630359CB,"8/8/2022, 5:27:00 AM"
48,https://www.facebook.com/OfficialMensHumor/posts/pfbid02WmW3y9ahHmao6L3A3FpJ74dg8G8fuvigEpkdGuFX6QRstgWgMstqb5hoaUCDYqiEl?__cft__[0]=AZUkYUWYDaKDR5v0oyIDxNVB2RhD9srAVbIgawgYcPHZ2V3LqG4BJdv9FkVyn7RLc3sylJXiwG90loxwO51-diyA_4HR4emaJsLNVID6ekOPHpshRwHsWwPjsGfA4i5coQEDdv2LV_RmsMqFaDSKBcJJuRyFp9UUoie7qPxaNGPi98OTO2WS5FWyCt-5qXXz1d5PU9KvO1kfp_k2scRXSloUNgJlQjhGWAxKY5ZS76nlJg&__tn__=%2CO%2CP-R,OfficialMensHumor,The moment I get home from work...GRAB THE SHIRT HERE! https://tinyurl.com/beer30shirt,17,37,136,https://scontent.fhou1-1.fna.fbcdn.net/v/t39.30808-6/293981466_6767476426599356_2136292872711556567_n.jpg?stp=dst-jpg_p526x296&_nc_cat=105&ccb=1-7&_nc_sid=730e14&_nc_ohc=Bawv4HH9f6cAX_EqtXv&_nc_oc=AQmyYJmLLlSoCd4bd2OEjKXaxaSVxbZU-ITrZNd7MOqRi3iFdZGxgXwtiSSdT5aq6i8&_nc_ht=scontent.fhou1-1.fna&oh=00_AT8Ceuhe5roA8xPXq7-YoY741QVMk367COwECzO3oQtRfQ&oe=630497F6,"8/7/2022, 6:56:00 PM"
49,https://www.facebook.com/OfficialMensHumor/posts/pfbid0V6rMf1YK7VyD3VrUMR63ynTZES21roZvSMspFWogni8rhLLEeqqLgnidicwRU3jbl?__cft__[0]=AZXYa2lCTfKYtBrelDXSi7y08SJS2ElRqK45ouyEn7RfuE0dqDpAseUQlVIJ7fxY_W5OKXMjKOVbt8uAGe0zPdFmOOJBAUvXqPhlvLj2A8_1JNGizGAb1mKfM8Cqly9_kshWYL58lxSboSFEbo-QEgE3TKOG9YZP_x24DK939b0-V0q1u2-Smv672J1r6j7WscKR7xbXwENmaOtmCSgSW9zn&__tn__=%2CO%2CP-R,OfficialMensHumor,,1.2,7.9,17,https://scontent.fhou1-1.fna.fbcdn.net/v/t39.30808-6/298254143_6818846761462322_6288149755879373569_n.jpg?stp=cp1_dst-jpg_p526x296&_nc_cat=101&ccb=1-7&_nc_sid=730e14&_nc_ohc=mdGAko1A7pEAX8DhJGI&_nc_ht=scontent.fhou1-1.fna&oh=00_AT9eiSd_OxpQg_YBBrmbKYOG2eRPFUJ4HheDvP10AlsAcQ&oe=63047909,"8/7/2022, 4:03:00 PM"
50,https://www.facebook.com/OfficialMensHumor/posts/pfbid02Dtm6i5Hb5fsD3p6dL9QgLvpP1wZR3qZDk2u91crdz9St2FcguFGVkrjrakyYRPLsl?__cft__[0]=AZX8pP6k9mW5V0cD1YzpkBuPSWbwVvvFlaK-2cXvHnh5kof3azw8HvFiLly7yE7fcO61-5ussNPzNBusy9embQv9nrNrU0rk7ue7rr9lFiKgXX01Vjr-prd499qEfsPTiO_P1KCtZG82qUrVCIulDBqtdIj7Q4dwgBwxX5MTFD9k2ku_yotKC59BOjkmEvP070rEx0uKg25B1sRla1pEqh0W&__tn__=%2CO%2CP-R,OfficialMensHumor,Hot air balloons don't get enough love.,1.1,12,21,https://scontent.fhou1-1.fna.fbcdn.net/v/t39.30808-6/297466450_6817564071590591_1271163711239810308_n.png?stp=dst-png_p526x296&_nc_cat=111&ccb=1-7&_nc_sid=730e14&_nc_ohc=dl7DfQmIGE8AX8nM9wR&_nc_ht=scontent.fhou1-1.fna&oh=00_AT_94FODl_aaPRyKSxeyNfKKjMlBJ0Le2WGAdMk9ekkoNQ&oe=6303FCD2,"8/7/2022, 4:00:00 PM"
51,https://www.facebook.com/OfficialMensHumor/posts/pfbid02GEWU6knMCxFRKMo28TLJHp84tZNVQ9ATTxGrGKHFzZwyaPXgrxs87ES2ExZ7PVkMl?__cft__[0]=AZVzcRVOqfPfcBpES9dKaTZOnpWBY3ax96NXm2j4mh-cPICWUTh1Ih7KYc1SSX5xr326Z_5D42lzZirplX9_ySUIvCWVw8wNc5k836bfUMQZ1GRUk2hBGW9Xpgui1VYn63bLowv49bY9Y5Tv3bP-LJnQ5GeyQaHFzpWwGkcgzqpIwk4VTwgkGRFmg5RZifFAVBfii2IhpZyyxma1xdV9WQ0p&__tn__=%2CO%2CP-R,OfficialMensHumor,,1.6,3.2,9.8,https://scontent.fhou1-1.fna.fbcdn.net/v/t39.30808-6/297127202_6818839138129751_1468411358258275681_n.jpg?stp=cp1_dst-jpg_s600x600&_nc_cat=106&ccb=1-7&_nc_sid=730e14&_nc_ohc=iyqw31Li_s4AX90_1Zb&_nc_ht=scontent.fhou1-1.fna&oh=00_AT_hKKpfDzcEatGpt6hSKoceV8nOW9Y2FAd3sjdPeQjPag&oe=6303FBCA,"8/7/2022, 2:38:00 PM"
52,https://www.facebook.com/OfficialMensHumor/posts/pfbid0xQcj66hxL5rLPsacNKkH7KvHSm6x3kHLV4pBktgJiUvWSDDyxmDUwtvUbmWwQR3El?__cft__[0]=AZUqpW79Bz7PufIWaUnWMI4tuW7hRWk_svLzjsAoxMJRoxlrPJn0z9B3gSti9gkfh2sUh_PYGkkGbW4CDu-8HKxCqOyclYUJxOs-8-V1O1aPw15VZsNIWJbhl8LIZ6g8MwO1Q7guhbV4Dn8Ah2zaxU3SBXU8vCm8i_tY4QCMJntNCmUndIuvzmCaG7IrQtRHeGU3VvvoAoHXu-OCe0_STOvL&__tn__=%2CO%2CP-R,OfficialMensHumor,,348,2.2,6,https://scontent.fhou1-1.fna.fbcdn.net/v/t39.30808-6/297673843_6817563088257356_5175924574954148125_n.jpg?stp=cp1_dst-jpg_p843x403&_nc_cat=104&ccb=1-7&_nc_sid=730e14&_nc_ohc=AwH2Xi_EjFAAX_RvMTb&_nc_ht=scontent.fhou1-1.fna&oh=00_AT8pxLsurNbao1tOeac8LmExcGuOSDzOeqIbo4Oy9oMuCg&oe=6303568D,"8/7/2022, 1:00:00 PM"
53,https://www.facebook.com/OfficialMensHumor/posts/pfbid02UuGscJe3Gv6YetPoJdkyUB6w9TncE5oiWuruzsUBy2wTizSW6QSec45c784GAaLNl?__cft__[0]=AZXh0MCvhp7a8ApKDP6hRHf0NSm6A_QiTxqZTbhvEtkjHm1PUIvzEVAh8iEId4s7cwNW5X8XfjT-gQXK8QquMpplP8AzsB5zfSLoV_4G9SYyBUbSj6G7W1ydapovLox3hWUxZcIzPH06X-N9nxlo0iTsTVxGbuu5h75mq1onHsGAvEnPJoxFNtTut1Ry_ShZSavm-yxu2b4gSvLA8FxoWnei&__tn__=%2CO%2CP-R,OfficialMensHumor,,2.4,1.6,11,https://scontent.fhou1-1.fna.fbcdn.net/v/t39.30808-6/297869453_6817562164924115_7729635245801241299_n.jpg?stp=cp1_dst-jpg_s640x640&_nc_cat=111&ccb=1-7&_nc_sid=730e14&_nc_ohc=hNugNZ1wVhEAX-Y3u7s&_nc_ht=scontent.fhou1-1.fna&oh=00_AT9j8hl3NSW3VlJBXqdTfcK8luhCGnO1sh5Zx_rv3N7RMg&oe=63050C6C,"8/7/2022, 9:00:00 AM"
54,https://www.facebook.com/OfficialMensHumor/posts/pfbid02yjHHnPGgTFiq5cJmMaEy7Ur2USiFzTbXB1J7EmrDNX6rkp4kwJQZsGWUPNkmFMaBl?__cft__[0]=AZXbQiXIxv30S4rUmFn7ctv8DHy2t80TCw3NvTk54-wBnUIHfUsFj1yExH6Zq46M7RiYUnGoS9wbgWPVb84SvGugJKAlDXMd6PvsCHR9Wlh6pSYADoi_cy1l9uOWxRk_67z2DR7RMtAnq210CYMcNqihfCDK3N1R_sZsio90UIWUNFMMMzYuknbJr3cCk43AbTS5B6ABr1hOgG0APKcPWS9z&__tn__=%2CO%2CP-R,OfficialMensHumor,,10,15,38,https://scontent.fhou1-1.fna.fbcdn.net/v/t39.30808-6/297395137_6817560768257588_2891140914291581055_n.jpg?stp=dst-jpg_p180x540&_nc_cat=102&ccb=1-7&_nc_sid=730e14&_nc_ohc=pnQpEkfTx5wAX9klHgG&_nc_ht=scontent.fhou1-1.fna&oh=00_AT9zfd1mORq3gSzXcWlV1na2k8QaweSfIQlfLO-mrzVYiQ&oe=63050313,"8/7/2022, 4:59:00 AM"
55,https://www.facebook.com/OfficialMensHumor/posts/pfbid0H2huvwaHBDaSNZg5P6hiCKCG3xFfREAcWa3fLMf2WGmYL4NqA98JF5ZgXPivZP27l?__cft__[0]=AZWqbCVkh_DQBQJ-GM19uZn8KS31N0XN-8EL5swD8Get7IfYZHXgBZgSwiAt1vTZvTohYztWJuYl9JiTXxRlYzIaxIG80KWD-IdZfzJt7HtpAYA9c36yGHAo-ZLg59OUFjmrkCZLbcU4GbqaCY5Ra5xJMhhxTTSO5aROekbPYIt1M_VFvy1b-AQq0a-M05roPqRmvDoR-iw_RbAbtUZEddTL&__tn__=%2CO%2CP-R,OfficialMensHumor,,773,9.1,16,https://scontent.fhou1-1.fna.fbcdn.net/v/t39.30808-6/296779488_6812964882050510_6490267113841267307_n.jpg?stp=dst-jpg_s640x640&_nc_cat=111&ccb=1-7&_nc_sid=730e14&_nc_ohc=nLcIQv4CoW4AX87NYla&_nc_ht=scontent.fhou1-1.fna&oh=00_AT_q3sZGdhLb_rAene8eBZiI4Kk0jOP9YqI_Wuru9WooUQ&oe=6304F3F6,"8/6/2022, 4:00:00 PM"
56,https://www.facebook.com/OfficialMensHumor/posts/pfbid02WoU4roAe15co3aWAojkrkmLYFhcs1xt8WUuzC37eTdpwsZw3ips5nYrdgAMkWAWUl?__cft__[0]=AZXUY-3H4WPMf0HAgI29O7vQ7FhmBVZEoUzoEXlGdkWnlPEzEU0x8d_jenb5vlD8a5mkFusakZ0bsEw9TGwn5_xHFd0_nfHhnZKw0RoAk7I7MjJibpIxGTlRVCS5AKnW9a7mlA4lLH_F6qfZTcCTc-O-hCHPlYHRKlskUImUn_9vXsFslG-_zyGrLzT8FI6QbunSv_YMrZ9Ck1rxVFl9EPom&__tn__=%2CO%2CP-R,OfficialMensHumor,,8.7,15,26,https://scontent.fhou1-1.fna.fbcdn.net/v/t39.30808-6/297015040_6812964185383913_1924845889326394407_n.jpg?stp=dst-jpg_p180x540&_nc_cat=107&ccb=1-7&_nc_sid=730e14&_nc_ohc=rYuy8cq2pbgAX8h2sMH&_nc_ht=scontent.fhou1-1.fna&oh=00_AT-IPmsmS26aTYUwCiJ3yzmt2vHOrFn9SS0PoXMIZfMdjg&oe=6304B873,"8/6/2022, 1:00:00 PM"
57,https://www.facebook.com/OfficialMensHumor/posts/pfbid0rgHoDP3mJTb3YYuYPuDmptUZdyv9U9AJCZnFsZYFLHwvAQXzW26QcvCPGP19SvrNl?__cft__[0]=AZUIgOPqX3RbbSqcnWQRp7tFIozxUV5iPesjzlpzveKKxDyo9Htb6o_Run0D7yw3FtngwFgw6_0lCwwyQi_c-fF2t6k_fQuiwa7N3Ke4dWYuhswTh73Ss38Oj1wyiKdyh3Wp32w3yyFjzcy1LF3ZiPXNbxxgBhS9a01MzXXyWV0IG0aVq9P5pLw-OPwVaZk24-7YNyuM90rN0wm0Dsv2GJV2&__tn__=%2CO%2CP-R,OfficialMensHumor,,1.7,5.5,30,https://scontent.fhou1-1.fna.fbcdn.net/v/t39.30808-6/297362396_6815617001785298_4062822811312993793_n.jpg?stp=cp1_dst-jpg_p526x296&_nc_cat=108&ccb=1-7&_nc_sid=8bfeb9&_nc_ohc=H5tK0uivoTkAX9OOtzN&_nc_ht=scontent.fhou1-1.fna&oh=00_AT_ytZ0rJRd0BqUwHLVQXTnKFqQCAusCzUs4JCvnbE9txA&oe=6304A418,"8/6/2022, 10:40:00 AM"
58,https://www.facebook.com/OfficialMensHumor/posts/pfbid02gXD8ty7GFCaQQyPr4RKsC3oi9dKctrYteXvZXfdi4xCMBVtrwu6oDuGWnh8iGsJ9l?__cft__[0]=AZUWSOp0t_ZgCN8OafAzdh-77ME1oSAiPh3x-CtwsaArWDvoOQnsez-fCAU8-3Kpvrpnr8U8iVWBeowtMIKKTEMulBE5kOwqYU0wmVkYuIgyLsJE03lQMntEty6eaKgsDiMqskciaKcKS5QG_je_zgnXwFad6LG54DTOVq2uKfk_3jxxANLUP5HdqH7ORaVx4FrHNsCs-6ceB2rcCIkDsuVi&__tn__=%2CO%2CP-R,OfficialMensHumor,,2.1,7.8,20,https://scontent.fhou1-1.fna.fbcdn.net/v/t39.30808-6/296894974_6815410968472568_3308383808939746349_n.png?stp=cp1_dst-png_s600x600&_nc_cat=108&ccb=1-7&_nc_sid=730e14&_nc_ohc=Yc0EsHelZZAAX8T8lJL&_nc_ht=scontent.fhou1-1.fna&oh=00_AT_SLcy1MPhvYwO9j-fU-DixOoyCKNKLff-g1hGcGNQcEA&oe=6304002A,"8/6/2022, 9:04:00 AM"
59,https://www.facebook.com/OfficialMensHumor/posts/pfbid02DyZoYzVfvmXb1Fd27zTEuSmbpMp3stzPP4eqGjxV1J6chTawd35A6d7baawnUrE9l?__cft__[0]=AZXaB_vR0gytaI41Tyfwt0q19jPW1oORky3cG52OXW4oGgLx3bfhnQ5M8VukUuIlLm2asO6EA0522gCKDk9Y5uBwuLBi_MoTGoRvJFxjZDQSj-YVk1AApHhZO2OhFNZYSN6Xl7TBOqc9qzBpCioVm7B_2SGn7-jcmz08rQQIafPywzCWzZE_28M_0hVwwzr_w0PgcfMwrN74wbzNq7gm751o&__tn__=%2CO%2CP-R,OfficialMensHumor,,1,2.4,44,https://scontent.fhou1-1.fna.fbcdn.net/v/t39.30808-6/297172216_6812962952050703_242682058535608591_n.jpg?stp=dst-jpg_p180x540&_nc_cat=104&ccb=1-7&_nc_sid=730e14&_nc_ohc=HqFbO6s-CSwAX-t-zLS&_nc_ht=scontent.fhou1-1.fna&oh=00_AT-L-7XmEeURgNWs6Oh0uCQYUzZnIOHvqh3xlun_Ofa5GA&oe=63038A91,"8/6/2022, 9:00:00 AM"
60,https://www.facebook.com/OfficialMensHumor/posts/pfbid02mJPKtaGNHbM9u2RSJHH8syxW21WstFEBnfMq4PMPKwhfbWvGnLN9XWQ2Jh4qEwNFl?__cft__[0]=AZX-aNeEN_qAOaDY6-_lGu24a0dv5g4PdMin3Ztd8gIYU16Ks88N3oxB3VmjZeWQ8jAWiyOhXcqbv03HKkZ3LozXQRJWQgKBrveM4gq61tQH4OH13otVxBFsPmoHxCRvSzntFLspxeWK6vH_73QBeKTwCPWVT6J2w7HxzCz5dtGtNNSLAqJOiKBTZI3ILoasyqDr9ouTKhYQtLDUVVNyFoCU&__tn__=%2CO%2CP-R,OfficialMensHumor,The good ol' days.,1.6,2.1,14,https://scontent.fhou1-1.fna.fbcdn.net/v/t39.30808-6/296348916_6812961195384212_791737293706116769_n.jpg?stp=dst-jpg_p526x296&_nc_cat=101&ccb=1-7&_nc_sid=730e14&_nc_ohc=VPjss108s1EAX-WgDzK&_nc_ht=scontent.fhou1-1.fna&oh=00_AT8dqf4rON8zWDAtOjTOu2gfSrM0AgHG3Y16qsxSNTYZFg&oe=6304BE9A,"8/6/2022, 5:00:00 AM"
61,https://www.facebook.com/OfficialMensHumor/posts/pfbid0n78PmJYyDfnzgYpSTz4ErLTYVifo5Dh7WFJzUB4Q2H9zR4rJK4izSwDej9yxNcqgl?__cft__[0]=AZUXamHaZAX9LqVTs3hjf3t3dOlX7rzv5vOZ4_whtMw5jvDwXQhDnmxKnaRrN21fcDDeI_jLhO7K7acZeOzVmEytn3B_mJEJYdD3YSzw0tsg24v0Ova8bf-QUOH7HY_cMRASwQY0qpRyXOavSam5aJr5zXKc_EpACxnzoKws4qOxJRBKVgc8XYgWKYkAEAX6HknI0gMlvUvVHNMYfuKyFNW3&__tn__=%2CO%2CP-R,OfficialMensHumor,,3.1,9.1,19,https://scontent.fhou1-1.fna.fbcdn.net/v/t39.30808-6/297934534_6812007915479540_8903689813334143457_n.png?stp=dst-png_p526x296&_nc_cat=109&ccb=1-7&_nc_sid=730e14&_nc_ohc=FPbaicUVq6MAX9BhOYS&_nc_ht=scontent.fhou1-1.fna&oh=00_AT-cutmaPL7Kt28ozw85sSh1m2kvVbjvltpAI1zZrXyQ1w&oe=63048AA5,"8/5/2022, 4:00:00 PM"
62,https://www.facebook.com/OfficialMensHumor/posts/pfbid07fVeRdtBdJin5YfX48NeeLTRFGn7QDuVycsQa7JTpv4uRxndq7XCz8ozgE3pCzedl?__cft__[0]=AZU7uFQkJzi1Nf1EmLOCQXl65DG6lcPsZCI_JHByUUXuRV0bvtBLMsz8zrgDBxVjZRoELZmV4sq5JvfxCdNyQ45wRU3wgOsTt3xeC3OPOfkJTb99-cz2SjntlWK7XXKXJfpg42hg641T6P2XIiLTRZhbp9L4mGGwTgsYjq9_YB6nF9siQzsJ-aYJeGCQsLljGrROvHXK-VGbzRJcksHh6A4a&__tn__=%2CO%2CP-R,OfficialMensHumor,,1.4,1.4,16,https://scontent.fhou1-1.fna.fbcdn.net/v/t39.30808-6/297781111_6812007032146295_3608926396090535535_n.jpg?stp=dst-jpg_s640x640&_nc_cat=102&ccb=1-7&_nc_sid=730e14&_nc_ohc=OSBy228Zf-sAX_5YEg7&_nc_ht=scontent.fhou1-1.fna&oh=00_AT-QybFL1e4tTqQdxeDvTE2HIAGp4j7oBDlGb4CUySfPzA&oe=6304CE1E,"8/5/2022, 1:00:00 PM"
63,https://www.facebook.com/OfficialMensHumor/posts/pfbid02TyypEdy858zVuN35SvV7HF32NpaWWFoCjMLDXqS1nrA4L2hQzvmy8gWD5wF9tdAEl?__cft__[0]=AZXG9zbwa7Z6Zire5jXUKLWS8WEeh9BZkm7FnAozcYcaXP-hwc1hKwPYKKpylsBahaEeBgeiYF7PcS1EnIvwAHCbUCOk9QaGYQjUM6_dZenGc-ExNgpuWBiPsHgGKVB7wY6iod9uqXO8BeXwqbjs1oldiV2TMTRmEJZsYDwGyumfWxtLQGlCM_MrMTBiKUcUrzJmLJXa_mv9a_mgg553eNor&__tn__=%2CO%2CP-R,OfficialMensHumor,,572,2.8,21,https://scontent.fhou1-1.fna.fbcdn.net/v/t39.30808-6/297769401_6812006185479713_1004333302677025110_n.jpg?stp=dst-jpg_p526x296&_nc_cat=102&ccb=1-7&_nc_sid=730e14&_nc_ohc=RJzY23NwoBUAX_REhC5&_nc_ht=scontent.fhou1-1.fna&oh=00_AT8v-5QjJohwtAelzOExxoP81rAqXyeOiUwOTUOdEAT1-g&oe=63041740,"8/5/2022, 9:00:00 AM"
64,https://www.facebook.com/OfficialMensHumor/posts/pfbid022eZKAWNR27vn9rPnfHQvYnudWBdMSiya6ohtfFKFXWhaTekFZNm3271XRVohukEVl?__cft__[0]=AZVSHNS6BDsFVRgBtJEhBRDbYgeQAMCYkQS7J21n2CBqqshOoHTnV3O8LWxE6kiRrI8U8y7vuz3wVmQQbNhtHwCLQR_Jo3e-7Uqu3lgKD36KKGw8EgIpPc4hLb2_26OkjY4Xseu8BQHiBHAcPbu0NSbhu-6c2ntF2eqM7CDVeS_ijs7KfpLXFoZSm6TKH9BOv42O0m4z-HwKMr6ZSNaAOa7q&__tn__=%2CO%2CP-R,OfficialMensHumor,,5.9,9.1,19,https://scontent.fhou1-1.fna.fbcdn.net/v/t39.30808-6/296734436_6811986338815031_7719647402427359301_n.jpg?stp=dst-jpg_p526x296&_nc_cat=105&ccb=1-7&_nc_sid=730e14&_nc_ohc=OYyBQNR0eREAX-lVZjA&_nc_ht=scontent.fhou1-1.fna&oh=00_AT-gHeGF9KoieuVej-qV1yjBYwbt_uYxPGN9JC52vwDD-Q&oe=63041BCB,"8/5/2022, 5:27:00 AM"
65,https://www.facebook.com/OfficialMensHumor/posts/pfbid026pnYE2NY97Gs3f22WErWHPeeC3ABz3nsEnrHex4oSVwbK1H5NqwHAraVSbU16iXbl?__cft__[0]=AZUigN6ooZL95jS25KsWC-fU4664cIyxNemK2TYFmp-H5FWahEErWEa6N1m_ptcIGGWWYnruNfbVyS1gDgOwQCXHmDjAC9xVfoT4XASXzQ7dvM5W4ycrh9XQ3h0o0V4r4votkIY3yeO6ZXbpeTy524OrlzktMnAh8mh9xfeWaO8zZZTPPtUNe7BYQHTY-FddjeAzIolHMHUJTVtqtU97zpbS&__tn__=%2CO%2CP-R,OfficialMensHumor,,3.6,12,121,https://scontent.fhou1-1.fna.fbcdn.net/v/t39.30808-6/296156741_6809188632428135_1251817276256245188_n.jpg?stp=dst-jpg_p552x414&_nc_cat=109&ccb=1-7&_nc_sid=730e14&_nc_ohc=KYDT29-_X-8AX-klnCb&_nc_ht=scontent.fhou1-1.fna&oh=00_AT_NUs8nmy1E_0DxfYgl4Ixayz3FvEdjFK6GtH4-V_MIig&oe=63040159,"8/4/2022, 4:00:00 PM"
66,https://www.facebook.com/OfficialMensHumor/posts/pfbid0jSvYgNWJCe3i2kes7KhcixEyD5uy9S8tsWR1ZffaXA3RQJRojKiM9pHRVSvVbhF5l?__cft__[0]=AZXoIlS8hNwljm0uut7wY887ndHq4MCGv4pDJyB21RyN2LYDnY91t3e86Vjq4bq87hqqXprrHWSu85Sz79GrPDr8Gahmy97KlnEwOIRVHrFVaNrCjJoZnf08yp9nw4BkI9ZpLkGIZPQ2SvC5nIsYplNQx-Zvaw_xs2pzAw55tqwElCvz5sd4okofBe06KK7pdAHMN83XgXrLu89-iJnKSgoz&__tn__=%2CO%2CP-R,OfficialMensHumor,,1.7,1.7,6.6,https://scontent.fhou1-1.fna.fbcdn.net/v/t39.30808-6/296547956_6809176502429348_356679126762549398_n.jpg?stp=dst-jpg_p180x540&_nc_cat=101&ccb=1-7&_nc_sid=730e14&_nc_ohc=Te84umswMGIAX_BglV0&_nc_ht=scontent.fhou1-1.fna&oh=00_AT_RvTl76mG3LLUYu-9wuezucfUDs6hchPpH1jWa7jdubA&oe=63038A3F,"8/4/2022, 1:00:00 PM"
67,https://www.facebook.com/OfficialMensHumor/posts/pfbid07NEsNrGtnS8qB7XXMnVzgYPRxG7HPg6m51SnkX8E96miuVRDmWzpvXwVp7ntkLxsl?__cft__[0]=AZXAsR6DwGuGhET6_A0nYmQv5WgETsLgZ1nEFE-qRQVIfbSUIDvt9ekmLFWKNrfcmVrYeH7hforQkRq3NKCQFKALWBN4kWn8DfceYeAWXDMrMHJBDeN5Aj9VYHaFRUXFN-Rt1CYhdAeuvp-4lA3HppvtBk1WITs_ATSpQgSyyTjpquIX8LE0KnM-qkDoZDU91Z8Rw_8YIVOZ6vVR1SyIB31K&__tn__=%2CO%2CP-R,OfficialMensHumor,End the summer with a few good stories.,68,20,352,https://scontent.fhou1-1.fna.fbcdn.net/v/t39.30808-6/297691436_6810014902345508_2171016058878166278_n.jpg?stp=dst-jpg_p526x296&_nc_cat=103&ccb=1-7&_nc_sid=8bfeb9&_nc_ohc=hPInVW0fBNQAX97SMwT&_nc_ht=scontent.fhou1-1.fna&oh=00_AT93YjcBPYf0FCtcLM91JIjkeVTsclqyDpCvLtFWRqFB-A&oe=63042F1F,"8/4/2022, 11:45:00 AM"
68,https://www.facebook.com/OfficialMensHumor/posts/pfbid0Ao7Q2g1PWE8LYeBeoDWJVuAp4h44gP9GqzH5mah5Eb52XdUPJ479VNmoAYcbARazl?__cft__[0]=AZW3ikplHv-w1ZMSQJzVfvtDKs59kKKu139wRZ2SvVCyhOt5RKEVNlznz-KrNRw9loTYI_GuzPnQgaeTWOUV0PITqOh1VRpZM8NbmXoBKbMPx206Ozp7YDp3pbstsoAhmz_j1TzNVP2K6xBjpZgn5lrrsdYYVslTZ0EeQ2A7lUsoE6_gCJOyUqMU_bLABIxsYsYUFtkrELZGyscdgQ2w4tbd&__tn__=%2CO%2CP-R,OfficialMensHumor,,4,12,44,https://scontent.fhou1-1.fna.fbcdn.net/v/t39.30808-6/296829007_6809173222429676_5134470961360772358_n.jpg?stp=dst-jpg_p526x296&_nc_cat=103&ccb=1-7&_nc_sid=730e14&_nc_ohc=_RsztyLrlXsAX96-n_v&_nc_ht=scontent.fhou1-1.fna&oh=00_AT9_4hAdLQu3mqYZmJWd2jvexbybcthjObcyQmuUQcH0Sw&oe=6303A603,"8/4/2022, 9:00:00 AM"
69,https://www.facebook.com/OfficialMensHumor/posts/pfbid02VkdvdunAuAhVyCur1YQqZwkXhxmBE1agP5QuywzhGZt3jqMSkSa1MrpLqNE58LXNl?__cft__[0]=AZWlOhYQ_2Y2EXkM3YirJO-DNdOUwVOJXvgsEiIVWiFGhMp2xiMVFrkLknKW7d9WRn1HW8B7B-9rfRNNAbb0E8cGOabcO3xIuFQuFrfAedZjiCLPkdrLIMPfGJ8AdwZyJOcdEjsgpXZSg29g_AfBZQCYTPR5pEBZGgmfBfctFnuq62AaFF6BK347PGylMrBpcTg16iUbk692O1sdRV5z-mRW&__tn__=%2CO%2CP-R,OfficialMensHumor,,3.3,10,18,https://scontent.fhou1-1.fna.fbcdn.net/v/t39.30808-6/297075906_6809165159097149_2325774225166631839_n.jpg?stp=dst-jpg_p526x296&_nc_cat=105&ccb=1-7&_nc_sid=730e14&_nc_ohc=r1_5CgcTjBAAX-VfDCh&_nc_ht=scontent.fhou1-1.fna&oh=00_AT88yq0Ij0M08mxuEp4I-XXF9FdhrshK2YlTvLzXEYo3vg&oe=63047650,"8/4/2022, 5:35:00 AM"
70,https://www.facebook.com/OfficialMensHumor/posts/pfbid0sfJF3B27uhyL6oXPeK5xqUmuucsnu3eqgrXAQo8mLCRpwPNSfhErSVRmhK7kEEVkl?__cft__[0]=AZWfcCaFOg4l-ZVcbUfuxtx78ae6nnxkIfc90C2aKraaQ-AfMkX6PxDuY3MlgxZqgJwehr9DblH30tLLMmHjTb4X577-6w13bRFbKM-nHV45krVejFtjBM4znmXKiFeTC9zNsG_O6xf98DbKI4gwSbfpEn1Ub34w2z1ZQdchAjNy8qgG7qIgELlGY3WFaqPEn-9pE84nxE_Lr2JsUkgTczHN&__tn__=%2CO%2CP-R,OfficialMensHumor,,1.1,7.3,28,https://scontent.fhou1-1.fna.fbcdn.net/v/t39.30808-6/296310669_6806110556069276_4996318898781944009_n.jpg?stp=dst-jpg_s640x640&_nc_cat=104&ccb=1-7&_nc_sid=730e14&_nc_ohc=yq7V9MkboZ4AX9SLGEh&_nc_ht=scontent.fhou1-1.fna&oh=00_AT9prq1bMICqBmdWP2q7RIP2iLidtRrA-Foz6M3J2tjQBw&oe=6304D589,"8/3/2022, 4:00:00 PM"
71,https://www.facebook.com/OfficialMensHumor/posts/pfbid0NxpuiK72dZZE9Lo7camZMd8Ggz3H5pxPPvsreSk1p6vmEwJDnspF1sRbcssrQtFcl?__cft__[0]=AZWJnvNOsALwWU46hyamXv5nin3SeeWp412EKkrrL-j4ffQkoqZfbDP5AzNtfgz56VH2AHyzQHAnFNKyK3tDcMp9MKC6HlTi1V7XBBc8DRhmTncpRDb9ltI-V5KQbSRAC3LiveisC2zqLZwGf9ea-Kwkk7uG2r6VKU1fdA5uZvzNnedkSUjjE421lpIIooXWSem4FDZRfKZawO463SovkGrw&__tn__=%2CO%2CP-R,OfficialMensHumor,,1.3,3.8,16,https://scontent.fhou1-1.fna.fbcdn.net/v/t39.30808-6/297131474_6806109846069347_6993604880295823065_n.jpg?stp=dst-jpg_p526x296&_nc_cat=111&ccb=1-7&_nc_sid=730e14&_nc_ohc=i82ebfmwzs8AX-HDhRf&_nc_ht=scontent.fhou1-1.fna&oh=00_AT9FBOPUEyd5qSqCicSntl_Lt1smyi9I1v7UDngF7_yrBA&oe=63045A76,"8/3/2022, 1:00:00 PM"
72,https://www.facebook.com/OfficialMensHumor/posts/pfbid0PsnzNc9itc3PG6HZfb8reAXHy5aNgkjGKGGPHDy3C7UNUvZoY54gNKMC7FaayUgGl?__cft__[0]=AZV3SEtI6giURHju1I7bnVqOkv6vyDYZFf4HADwm9wszEskxxTyVEOXQ5aCOcltf0kKqSpuLhhjZuC2eUawE9T0mKaj9sS9cRg9FFxwTRXJxYNZvzvHrqy3aNSUcC-Uan09cM3jQAAjnV_U5TtMGlKo9wPBTsf7WSxuceaT6vGs5wzu6ymrthLJc43gkGi7yDCywpK8N59jj_rwZxJGK2avO&__tn__=%2CO%2CP-R,OfficialMensHumor,,908,8.9,14,https://scontent.fhou1-1.fna.fbcdn.net/v/t39.30808-6/295924124_6806108772736121_9015381429658198784_n.png?stp=dst-png_s720x720&_nc_cat=105&ccb=1-7&_nc_sid=730e14&_nc_ohc=HV8VzO9P_z4AX-7E8O6&_nc_ht=scontent.fhou1-1.fna&oh=00_AT-ESf6aXTH2yPRjb1q7ZSoYUZB-8U-DEQGwRUfH9hFEeg&oe=63049BA5,"8/3/2022, 9:00:00 AM"
73,https://www.facebook.com/OfficialMensHumor/posts/pfbid02YxWiArLaz8AT35YVmronfCzeUMqv2nHuKQVSUFaNyEBxWxFSqRYvBjWWJMjyGjNEl?__cft__[0]=AZUrKvo9tb4CK99GgVjDEMyJHMEAxD7A-8r0fbR-_vt6XGDSH0qklQRBEImHR5dBPi7nTrLr2Zvr4CVcPKcf1JNM8bUKNSSwmW4zmo8uTX8riDn0O4z9pAR-8OLwsDh1AUDCh73TpExvF7BqDjIUq5oyc81bsEyuLi5SU-H_OwpEsiaHM67NvkYMUxG21XjMhbRyf1FH3I5FPwIGOsy_mLyj&__tn__=%2CO%2CP-R,OfficialMensHumor,,1.6,3.2,11,https://scontent.fhou1-1.fna.fbcdn.net/v/t39.30808-6/295949150_6806090966071235_3135921637826671390_n.jpg?stp=cp1_dst-jpg_p526x296&_nc_cat=107&ccb=1-7&_nc_sid=730e14&_nc_ohc=QntqrjT_3ZwAX84l-eT&_nc_ht=scontent.fhou1-1.fna&oh=00_AT-ANGs03HbfxHeFz4Qwi9VsG2ow45SXTJCLIPnm7I4lvw&oe=63051261,"8/3/2022, 5:00:00 AM"
74,https://www.facebook.com/OfficialMensHumor/posts/pfbid077w4o4mKL56CRKMXALHcS5vMM9SNW9VaezP4bqycxWNFuqz3diaphcPanXCWE3DDl?__cft__[0]=AZVDBWIRiSWBTFk-HrGU48i6JcCeMbc1d8bFuzjSqhyxZsBKD68N-BRt_atkDRQhShFhNy-OrBVy0lHn2JdW622_YHrc2ORNSaElj0xJsVt9XDoXN7p1WLNYPHN5PfOpG3OanFI0q2JCDRPxApvItfNZba7mPQxRqYj25wv0XsYvkAx4S5GDbKQhGlAKq9ZAi3Q-a8D15yUF8n5SGLMoZLqV&__tn__=%2CO%2CP-R,OfficialMensHumor,,568,1.2,21,https://scontent.fhou1-1.fna.fbcdn.net/v/t39.30808-6/295912908_6803123379701327_429054849063533444_n.jpg?stp=dst-jpg_p526x296&_nc_cat=104&ccb=1-7&_nc_sid=730e14&_nc_ohc=6bByOeST7-UAX9mfkAm&_nc_ht=scontent.fhou1-1.fna&oh=00_AT_9gMWnLjlR6PgEzOWMGrTOeqE_67tcNphnXOqNyVbmcQ&oe=63047EF5,"8/2/2022, 4:00:00 PM"
75,https://www.facebook.com/OfficialMensHumor/posts/pfbid034BzxDGbfvM258jTContvTWpHvJnabFPQQh58Zf8zVP3e3HJmEikBLuSCBVJDXp7wl?__cft__[0]=AZV1U-XejgcwpZ3p-lCDWdhYuNWAtEnH24nM1d6M_FOyrIBqJkvgrgsOf4iuzYCoSS0wCKBvSNCMa2KsfKrYlUdIUCxJrVJkE7wwfVIkD-998iSuk8vg4qmIN678SQ6iI0YPINspESNCE-bmYtUTauaJTWYUVkdVa09RnRzezBFgkSkgjr0kHqzETjDQGbh1FMqgsv4RUh4PDHwr_7PG7CiF&__tn__=%2CO%2CP-R,OfficialMensHumor,,6.3,13,18,https://scontent.fhou1-1.fna.fbcdn.net/v/t39.30808-6/295903710_6803122713034727_9057965254302296961_n.jpg?stp=dst-jpg_p526x296&_nc_cat=107&ccb=1-7&_nc_sid=730e14&_nc_ohc=PScz9PoAVm8AX8E3Hq4&_nc_ht=scontent.fhou1-1.fna&oh=00_AT8OiAJJqKP98KAzNVMOfx-J23nnfw_HYsdDj__Jr_TFNQ&oe=6304490E,"8/2/2022, 1:00:00 PM"
76,https://www.facebook.com/OfficialMensHumor/posts/pfbid02YFT5ftCRkkxJ1S9XTvKPhykZpBHwn2LaUCJBho84S9Wsp21Mz3kv6bL8nzjhxzbzl?__cft__[0]=AZWbOI19-CBbYf6SKcSIVz6tJTlFio2TfUdVoSpS-Yw9DfgC-YkFV3fv7WeAy9mUDfzP-fH6QfJGkbRWyjTl_2Rdk-oQieLyw-tE6Cm6NgA34fZ--nnljIIQ9Ft1sYEYqrRctzZbpMAXyi_q8DaobZH1TOUxzXXRXBtiNPmJIVaSobpOB-QuX9P6H-NTIzTXWxnNuMeMCPm7u5E2BuA9VSws&__tn__=%2CO%2CP-R,OfficialMensHumor,Facts.,1.7,4,30,https://scontent.fhou1-1.fna.fbcdn.net/v/t39.30808-6/295853950_6803121636368168_7500339344416881554_n.png?stp=dst-png_s600x600&_nc_cat=107&ccb=1-7&_nc_sid=730e14&_nc_ohc=Hpr-42SJbqQAX-FuMQ4&_nc_ht=scontent.fhou1-1.fna&oh=00_AT_HhxIyT4cRGsxgjN0P-SoJzK_qtAfbLA47M8ffoouDPw&oe=63049B4C,"8/2/2022, 9:00:00 AM"
77,https://www.facebook.com/OfficialMensHumor/posts/pfbid0UZcocHKsSZsRorZkgc4SSj9eEeLQGFxhBUuV7DCRRQeS2kBc9vquCEmEm8rT55G7l?__cft__[0]=AZWgQllEVf72eElJlvnrUf7vPRY2XKRZdauG4i4kN1X7xO_XcY_s5TpPprKmXkoUFSoA-nQYREJ_SRf9MpFC3cAIo9E2blK3wx05maIQQeTnlKPnkmRkE6abLPfAiBKe8K_6sJX0AIhiw81r0S1YxW9x44XHRBINM4qLPX0t3kFOEK-ktfj5E8U7rRZ8xLXhtBqmGI4w5xJAAmQuRkZYEDb08PlvX6tIB6BrQsDFWlQcbQ&__tn__=%2CO%2CP-R,OfficialMensHumor,The moment I get home from work...GRAB THE SHIRT HERE! https://tinyurl.com/beer30shirt,31,32,160,https://scontent.fhou1-1.fna.fbcdn.net/v/t39.30808-6/293981466_6767476426599356_2136292872711556567_n.jpg?stp=dst-jpg_p526x296&_nc_cat=105&ccb=1-7&_nc_sid=730e14&_nc_ohc=Bawv4HH9f6cAX_EqtXv&_nc_oc=AQmyYJmLLlSoCd4bd2OEjKXaxaSVxbZU-ITrZNd7MOqRi3iFdZGxgXwtiSSdT5aq6i8&_nc_ht=scontent.fhou1-1.fna&oh=00_AT8Ceuhe5roA8xPXq7-YoY741QVMk367COwECzO3oQtRfQ&oe=630497F6,"8/2/2022, 7:26:00 AM"
78,https://www.facebook.com/OfficialMensHumor/posts/pfbid02qER5kWWgt98TCwt4K5M8bvyRhqHdXGCXU1QtJioYQjXh7ucezFTdpx4ynZicVB65l?__cft__[0]=AZXKqZjWJXxcBHddGOpSioLVfub8hPDRfcdIFx-B906I8cLi6e3GrOUGucdTU0f3y4TkgRw9v_7IX6OMRBxfCwwKiPpBv4gjmUJ0ZYnMwjwMPSDMuJOWNkaxRmJqpy91cBh12vER1OrGoAiWQyqDUMXg0CCvOUuEdzWsF5ClUxj3k3RORMpKeBzYHWw4s8DVk0fM8ftB3DfrrcfGf0b4bHPY&__tn__=%2CO%2CP-R,OfficialMensHumor,,587,1.9,8.9,https://scontent.fhou1-1.fna.fbcdn.net/v/t39.30808-6/296085106_6803101656370166_6149931181687779147_n.jpg?stp=dst-jpg_p180x540&_nc_cat=100&ccb=1-7&_nc_sid=730e14&_nc_ohc=V9oICOniUNAAX9Wc1Hy&_nc_ht=scontent.fhou1-1.fna&oh=00_AT_OrZ9x_3izVO7BJQ8_Bn5khnKuh_8SwD6SlduUNx74hw&oe=630367C4,"8/2/2022, 5:04:00 AM"
79,https://www.facebook.com/OfficialMensHumor/posts/pfbid0281hQmucKwgZkJ5gcu3ZnB85JC7dv3YbnX8uP5aU9KxB92d63SoSYJbh9vF26D4aVl?__cft__[0]=AZU9n0R1qtMIAlZsIqQ9CB7F9iS3KavW1nE4HEqGxhN65-t1UCF_cLaXAsrSP_nA_my6XI8LmQpIc2X4yly4mi7XcaMyxo81kbCQapqYwXdfKE0r4xrTWF6HMq_NHdXA8NA2Qk6__kzS1MQTz-CemFH-RjVC1zxHHm558-yWwhJw-vg7OWgHeRuJCqGqWFkvvLM_joLupkEsBIPUGJutjs86&__tn__=%2CO%2CP-R,OfficialMensHumor,,3.1,8.1,41,https://scontent.fhou1-1.fna.fbcdn.net/v/t39.30808-6/296297163_6800221303324868_7959226003230576758_n.png?stp=dst-png_s640x640&_nc_cat=108&ccb=1-7&_nc_sid=730e14&_nc_ohc=FpFy-mKz-YIAX8ovnJn&_nc_ht=scontent.fhou1-1.fna&oh=00_AT8OZzUXS6bumUHpjbbzoZf4PJlHf25LCa9-Tk61ISsbbw&oe=6304E035,"8/1/2022, 4:00:00 PM"
80,https://www.facebook.com/OfficialMensHumor/posts/pfbid0LrjHjjJziLRUaxc4HakfTzXcjqaop4egiji3KGqL1GLrbph2oB5cyNTgz8NTx83Tl?__cft__[0]=AZWmsTGefwex1woCvCtAwQ1XrLzxr6JoKXuL-5necavgs3DLAnjnhGxSSdPKQB3A2JrevMKUakvmkLxWXl9RxALdzCUz94s8MFRcClXhOuYi8dYIFEdSarcgl4exiaLy2aKRuWJtWsKoZjP9zpzRgEkmVKhuJ4ySkLQaLV9xN-hZeYdq3Q596c3YCuHgL9po5uSFdvk3tm9zFW3KKdfdT_7A9o4Ayf4ikb0TT0nAosLk4A&__tn__=%2CO%2CP-R,OfficialMensHumor,NEW SHIRTS IN THE SHOP! https://tinyurl.com/usabeerpong,265,265,777,https://scontent.fhou1-1.fna.fbcdn.net/v/t39.30808-6/295438670_6789694591044206_1662162386970664919_n.jpg?stp=dst-jpg_p552x414&_nc_cat=108&ccb=1-7&_nc_sid=730e14&_nc_ohc=nWoPNFaqjr4AX-DByLD&_nc_ht=scontent.fhou1-1.fna&oh=00_AT9etCjK2iI2d03UOJcBM13-pyTwSVRBCHdXczc-70BEog&oe=6303ACF9,"8/1/2022, 1:20:00 PM"
81,https://www.facebook.com/OfficialMensHumor/posts/pfbid0w8nqkL9QbGJLcMBeW8UT7pUoPW9eR4fHFAGph2aeCB4kEqzJL3gWyUCAFd2vpQEvl?__cft__[0]=AZWV0rkWv-7LwsiK_e5ZBilGCl4P_NrUvkg10tnuat8QCevn6ScyS5KrJV5l5niT-baoAdlSp3D_0QdL329K9q0JLIQnQMKQVRzrBiidUWAB4v5VkDIURfHcZt26D80D6jtTCA-1noCf1lWOmywU9oF7XXtBPgYvw0WFtlDVk6dz8YT-7t89Oob_jo6nXBIFI7ZZ54s22C33BCTVHL3ByIvu&__tn__=%2CO%2CP-R,OfficialMensHumor,,1.3,2.7,11,https://scontent.fhou1-1.fna.fbcdn.net/v/t39.30808-6/295601581_6800220466658285_4720333756499261192_n.jpg?stp=dst-jpg_p526x296&_nc_cat=106&ccb=1-7&_nc_sid=730e14&_nc_ohc=ms_6qzrUSpYAX-L8f5O&_nc_ht=scontent.fhou1-1.fna&oh=00_AT8kVpgOa0MCf1PcE8VKvNFsu3EqTD6FGh9yj-GDmm6Nqg&oe=630454B5,"8/1/2022, 1:00:00 PM"
82,https://www.facebook.com/OfficialMensHumor/posts/pfbid02MZntCiC6M9EV2oSVLfonKox5Dnp5HPvs6gB6GxqXkg4D9aHotHRVKoKYbYJNQDxwl?__cft__[0]=AZUfaDx89tNiy8gTxt6umN_yqdPfGuCMwUdPjBP-iZb3hjodbIO48Ds50rWrMPtn2jtqOmIGSuj3Rmz34VN091zXBlC13OlxrNlhmawdZFAzvOiKBy9tXF_Qcl042xm9AZwqCfGATYMJheA101m39L2vKtvivRm_LeSryX0OhuWTkdytT0UhPY-FhAY3NLD6huhm_w4qngXSUrl6icExkPiB&__tn__=%2CO%2CP-R,OfficialMensHumor,,799,2.3,5.1,https://scontent.fhou1-1.fna.fbcdn.net/v/t39.30808-6/296044525_6800219489991716_7555101913266898266_n.jpg?stp=dst-jpg_p180x540&_nc_cat=106&ccb=1-7&_nc_sid=730e14&_nc_ohc=rcPdY-LaSSgAX9RrWNU&_nc_ht=scontent.fhou1-1.fna&oh=00_AT8KLf9bCsAd5m2q23nettIEIrS0DQ7XTng3eYp49ulddg&oe=6303E264,"8/1/2022, 9:00:00 AM"
83,https://www.facebook.com/OfficialMensHumor/posts/pfbid02TWtus99uzivRusRsFxZVzwKLiqSrWW15S4WQ7GCQv5NVdLHuvETxtW1YJA3zVQGol?__cft__[0]=AZXtlTapSsilfV18u9ce5nrxT1-CveY0MYRxwefNOCDFJuWOWZR72Taj4P5ToMdtQKoaCup4UW9nefmncix35uZhZ95zKQtG8QruTE8dxwNsiAXMFs7TS9jLUeSIzuZNZdzWnpMS393m6gCJkj34IRxz0sF3_64W6uQZ-JuE7CSs2JSGGX1Oxuomz733GMLDqipR2W1ERj836p_XhatUo3UY&__tn__=%2CO%2CP-R,OfficialMensHumor,Adios.,1.8,2,32,https://scontent.fhou1-1.fna.fbcdn.net/v/t39.30808-6/296573568_6800209179992747_4909317972118414689_n.jpg?stp=cp1_dst-jpg_s600x600&_nc_cat=100&ccb=1-7&_nc_sid=730e14&_nc_ohc=7VYwHylerCsAX_iBK2j&_nc_ht=scontent.fhou1-1.fna&oh=00_AT8ZmR4T37vLsta1sjgfFA0rsht63OlGJ_QuonzEZaxbSQ&oe=63048110,"8/1/2022, 5:16:00 AM"
84,https://www.facebook.com/OfficialMensHumor/posts/pfbid0C7n2CBUH4aUsvhkP3nLvi4PHL2JM2Wc5zDyHyCcXKSi9JKmoeTozV18F129FTd17l?__cft__[0]=AZWJH3kKetchNDDg4a94OH282QLHw3hUbgQT5dcRAE6sbWa5tAeIk84VQnqRwt7owS5B_Tofm2NlfvmcReNbZLMoUnb86JC5vgPJNGVVQZJVggk3bKM5ZsCC9brdtpIy_-9YnwznX_wgkM0MgMdMnFeC4_eQbbAyIPFh0N8nwUrQxf7oAvzwLydUHis5IpyomH4C9FKD4R-nAViWEbrIuvum&__tn__=%2CO%2CP-R,OfficialMensHumor,,5.7,8.3,48,https://scontent.fhou1-1.fna.fbcdn.net/v/t39.30808-6/296701852_6797483116932020_7962660712659922070_n.jpg?stp=dst-jpg_p526x296&_nc_cat=104&ccb=1-7&_nc_sid=730e14&_nc_ohc=wY9s9ks2_gkAX9zJKDm&_nc_ht=scontent.fhou1-1.fna&oh=00_AT_V_WdfuxjAJfufyo0QClSIMjg_cXVApi9M5qGfjPi9IQ&oe=6303EC6F,"7/31/2022, 4:00:00 PM"
85,https://www.facebook.com/OfficialMensHumor/posts/pfbid02RduPpsvqUy1WXcNzPTcA7d8S1SNxr2vaxe2rzt8XzyPZtWtrjmHWXqL1z3QHRqXbl?__cft__[0]=AZVMNuXzT3qoXmbN_XPYJK39G9DHeL9V3GjkZpbLUdku13gRJWDIgcp_8O4JSuWvU9iyyR4GD2eOFMudWSJg7Q6QMW99FggsUVYEC91BDTCsjB6GxUvt3vfOTZGqbaOfQfJkQMYbMWpJ1Vx3AUGdHX2r_71b9R3Aeh-dhApNXYAp8gUNwHPAJHp6JeVhQ4iXj0ng6s7LT-2G4HIV0DxdiXuP&__tn__=%2CO%2CP-R,OfficialMensHumor,,891,9.1,28,https://scontent.fhou1-1.fna.fbcdn.net/v/t39.30808-6/295574561_6797482146932117_1996198744666574315_n.jpg?stp=dst-jpg_p526x296&_nc_cat=101&ccb=1-7&_nc_sid=730e14&_nc_ohc=ZlhtuMEWpP4AX_XqcMD&_nc_ht=scontent.fhou1-1.fna&oh=00_AT_TNJawRjwVK8THsY9XfjfmK-xD_DlH_SFpcy17t1CNwA&oe=63054584,"7/31/2022, 1:00:00 PM"
86,https://www.facebook.com/OfficialMensHumor/posts/pfbid0Aki53T3SvS4xrMtcMed3wNytF9DzZb8P6BFDvUQXwgrNiWkLVUPRUQVJU7MUcUszl?__cft__[0]=AZW7fKIfbmllOOhNMgitO5FKpWBTQ0qM9ybHEHBRsbZOY3Nh4cAgVyPr7OEnLKuu99RBSZjsbyKAPQxgTuSiiYtZDtxYsRRCrKsX5r82de5izAEZVSnU6fR52FMFMuXhYiK5LKxFqj257FqFVK8nl_SLVVB7YOJQFtOzyj7Bn13vjQyJeQ4LY3tirARLTmmK2HmI3oExFIpFzMVrf9JobAwL&__tn__=%2CO%2CP-R,OfficialMensHumor,,702,5.2,18,https://scontent.fhou1-1.fna.fbcdn.net/v/t39.30808-6/296435071_6798303566849975_5370948720919223968_n.jpg?stp=cp1_dst-jpg_p526x296&_nc_cat=103&ccb=1-7&_nc_sid=8bfeb9&_nc_ohc=32uSIhDtZC4AX9HAPOg&_nc_ht=scontent.fhou1-1.fna&oh=00_AT8C0-oQjfclangbPJp6Ybw1wEIWs2KFkUFdlGiVpC4hBQ&oe=6303A42B,"7/31/2022, 11:35:00 AM"
87,https://www.facebook.com/OfficialMensHumor/posts/pfbid0phWZtNpdavKBVFCdBuKgevHGVpRmENW2TmfNqeKQqLC2gmeCpSiRzg3Bfuy7stzWl?__cft__[0]=AZWM6d1z3n6pS9aXnUYsCw4ZIfTbbX_ZvHfB3wL-3M53iyDOO9KomrQOAkwV_NdjS6T399T0Gr5ZnGCcb-IjHyB-IBYsRrH7pepKm4O_AtWO3lwjymTr6jJ2FOd71yHWF41NOERg014uM2_lAB9XzmmSbQFD8V_-69UZL8S9zpI4fgsAinWhu9zLwyiAnfXa9yWBbemYNkobGvCxZbiCKGsb&__tn__=%2CO%2CP-R,OfficialMensHumor,Life after 30.,1.1,4.9,10,https://scontent.fhou1-1.fna.fbcdn.net/v/t39.30808-6/295247045_6797480550265610_1526222500852198878_n.jpg?stp=dst-jpg_p180x540&_nc_cat=101&ccb=1-7&_nc_sid=730e14&_nc_ohc=zXPCQwW5YZ0AX_p26zr&_nc_ht=scontent.fhou1-1.fna&oh=00_AT-a9PXG3AJrRBvsjKuXjvmXPKCLrxKhnacU01KkNdpRHQ&oe=6303EDA0,"7/31/2022, 9:00:00 AM"
88,https://www.facebook.com/OfficialMensHumor/posts/pfbid06PtRrGqBk9vQZAfhbup5UC6LsP98LG5kbJedavRS3jydUMvTKjWpAqFWXQsXWettl?__cft__[0]=AZUxyu2ZjGB1HGba74us_x0Cx3jnQDYxrYzaWlkh8wjqSdzxxC_vbFmJtKpkRBytxS1xHeOGmjBEJ1Cprjg-07i3he67Q8n_-fsWHdPS7J4uESfTbPx7V0Sk-GKv1Dtsu1H40dl9Q_FR1n4A5YxP0DKvg87Y8DE4dlCXSiwULQwvlgfVZ7wIq6d_neFGb8K5dP6r3C5tnoFOFU9yBHwP1ks9&__tn__=%2CO%2CP-R,OfficialMensHumor,,1.7,7.1,32,https://scontent.fhou1-1.fna.fbcdn.net/v/t39.30808-6/295504786_6797464973600501_112847121098598760_n.jpg?stp=cp1_dst-jpg_s600x600&_nc_cat=109&ccb=1-7&_nc_sid=730e14&_nc_ohc=rOeaQhijZdUAX-UgDvk&_nc_ht=scontent.fhou1-1.fna&oh=00_AT-ZaaOFJOBcarpRH031qfyGM8c08BEGrT0HF981slwHUQ&oe=63053A56,"7/31/2022, 5:28:00 AM"
89,https://www.facebook.com/OfficialMensHumor/posts/pfbid02T9VQqRE62zK1vS5S2zyx4GoD7G8T3xBAsS7rjgjEC6MUA153GfgiafgRX3z3jJhAl?__cft__[0]=AZWKmmCFeqKcCofuffqGS3f8_lIUwISOkttteLYOiZ0Xp9LI6FqLFw2Dz2yHJUw8Ra33QfaJnTi9psSAKXeECjr26ZhV7lQbhPzYhVbiC5v10LjVuCGuAWeVQOZrRhahPGovK85x_BysfoYmTarhiRdi8hx7hxFDgWvIkte0VmpkpHQD1jveSduq31JNFaEfDqOA_k-jm-orichr-THjafTQ&__tn__=%2CO%2CP-R,OfficialMensHumor,,2.4,7.8,17,https://scontent.fhou1-1.fna.fbcdn.net/v/t39.30808-6/295696387_6794902687190063_3635814672367180516_n.jpg?stp=cp1_dst-jpg_p552x414&_nc_cat=102&ccb=1-7&_nc_sid=730e14&_nc_ohc=Pu1GdLqB-vwAX-PRiDX&_nc_ht=scontent.fhou1-1.fna&oh=00_AT-_PcvcbTcmaTal4GBOQDQVMinEoAdSJqZWAFpoF8t6UA&oe=63042485,"7/30/2022, 5:00:00 PM"
90,https://www.facebook.com/OfficialMensHumor/posts/pfbid031e8TtrgpufKYNBMeiv8YYAaeTAYoZob1cqAa6tgzd2db3LyyA6LSSwH9dzRfBuWAl?__cft__[0]=AZX8qjNmq1__3O3MsccGGYlBtFhbwCFaQuvbR7jeAmEvgeDmPPhtZY0DnvTHdVcUQj1htG8BcIMSM7--rrkyPw9Xwjkgv_nOgpmBMfCg1dH5uFxd5vtmeao88SXS5so7N3HgV2mveYCDuCrGvLt4nOQI-2OPuBcppjqaqsWJWg1zv9LulG9xueM0rtnw_44K8mAtA4qi87jqcgswkb0dlB2M&__tn__=%2CO%2CP-R,OfficialMensHumor,,331,1.7,8.9,https://scontent.fhou1-1.fna.fbcdn.net/v/t39.30808-6/296066541_6794901847190147_4887239390972009060_n.jpg?stp=cp1_dst-jpg_s640x640&_nc_cat=102&ccb=1-7&_nc_sid=730e14&_nc_ohc=o9TjTbs3_sEAX9_mWFF&_nc_ht=scontent.fhou1-1.fna&oh=00_AT9B6VrJ14Z-ps6QenZTkrGaEitFabXTiN5-5Ubmx03ziA&oe=6303944B,"7/30/2022, 1:00:00 PM"
91,https://www.facebook.com/OfficialMensHumor/posts/pfbid0Ltoe1aeiMHrmLi1HziecMG1ZXxgX4GXHsxDFqsKPqBCHXZWGnhsa7LdUBvxdFpNal?__cft__[0]=AZXrPxYpFdy22J2EGJAnT14AEftkdj5EJ97iFBxZ4tpRuySGvhlBRoamsJ8t9LwI4A6pxOfOR8N2s4zSYAWUKsoeESDG3LT23X1LxFr_ItDOkOgnH1QcJP5RYG4FjYK_Cv846cqYv0msNATK5wdglmcP2ece-n6iBAPhVOCcB49WYriK76rgilcMOa9IsZ_rxJWwwPJvh8CetVt4oY0c-gPJ&__tn__=%2CO%2CP-R,OfficialMensHumor,,1.4,2.3,10,https://scontent.fhou1-1.fna.fbcdn.net/v/t39.30808-6/295833151_6794900997190232_3363845279021463664_n.jpg?stp=cp1_dst-jpg_p526x296&_nc_cat=102&ccb=1-7&_nc_sid=730e14&_nc_ohc=Dmh_3sIZIAsAX8qaL2q&_nc_ht=scontent.fhou1-1.fna&oh=00_AT9lFsCgcb5BIkD5vF2CRx8UR-XnC2QOMatkqzYsycEbmw&oe=630378B7,"7/30/2022, 10:00:00 AM"
92,https://www.facebook.com/OfficialMensHumor/posts/pfbid0qNHCnKkd9xtFGRzTFX36exBKc38bVuMHUZBxE4k2T4UCvuoJ8zr2yUgBL1wRrDUil?__cft__[0]=AZXqxuwZ36s61AlpI4iMJwDL5_V4dVHK92wtLk2aFeNY_cfEW1KESqeJguaLam95SGJx2G2hPbM94o0NWf5NZZ95gS9k0AsbVaAS0_o3EAc5R-BPrKRgTwa1gkjlgZpEWMo6pJyf3TH9x0Px2iaOQejdVLxHj-JAPt-yq1fd0f4JdJh4NF0yDBHdN8mL5PjLBu11PgLABL2nArRUvUTh1Hkc&__tn__=%2CO%2CP-R,OfficialMensHumor,,350,1.1,5.9,https://scontent.fhou1-1.fna.fbcdn.net/v/t39.30808-6/296306026_6795294377150894_623637710433632718_n.jpg?stp=cp1_dst-jpg_p180x540&_nc_cat=103&ccb=1-7&_nc_sid=730e14&_nc_ohc=DP_mk0CqMFYAX8j3nW1&_nc_ht=scontent.fhou1-1.fna&oh=00_AT_0VBSSIBEDxX8Svsrzhpb-STr8wTh9K0-KDFkEpaRnCg&oe=63051675,"7/30/2022, 9:42:00 AM"
93,https://www.facebook.com/OfficialMensHumor/posts/pfbid0nuynRUyPL58RacJgRKmsBHriB4Zk7E8edDqnNmgWJy63wQJtGC7FXwFmQmfw7DkQl?__cft__[0]=AZUkK5P30gGDI3DHJskbeso93VqZfSee-FC2jxYL2IAPvgX1oSCCHZ4KdmvJiOpF0DGpqn_30F1c5_jad2HCN_RLPB-4pVRWMxiMr7X_nrNjbcBlPDERJ2FlovlUX3G-RF0eGt9EIeSY-f-B014WCrg_2Sl2vz_Q6npvtJ-C4EU5y73bMjeN1z0mRZYlwp2se3k4bLR8omicZFSxqb03FudP&__tn__=%2CO%2CP-R,OfficialMensHumor,,2.4,75,60,https://scontent.fhou1-1.fna.fbcdn.net/v/t39.30808-6/295004394_6794984473848551_7855914976595248527_n.jpg?stp=cp1_dst-jpg_p526x296&_nc_cat=104&ccb=1-7&_nc_sid=8bfeb9&_nc_ohc=UOC9UXt3-EEAX_z4lNJ&_nc_ht=scontent.fhou1-1.fna&oh=00_AT_cTbJcw-bMGjymv_qFbzXL5GcDyxxsl03yh7vITvKn8A&oe=6303586B,"7/30/2022, 7:30:00 AM"
94,https://www.facebook.com/OfficialMensHumor/posts/pfbid02oJusuavo22nnn17Yy4z3FZVdmJiWwcg1P3kWiEiqu9zZ5LFYoUQeVt4KxjnTDJ3cl?__cft__[0]=AZVpp0XcjHKDXtzbLum4VOb9Wgck6NeiKTZZWyNj2JXlj2rvN34ArzdZn04WgneFrM4AeCcob46MwQJyrd7scbIiR-NnCegLhIohRfPc_uI7Ni-u7kpoRHC18vip7Crvl18T95WN5wnwYKOonLu2BvJACgYsTWRj8lo-Fa7cuss50ylPLCL5acGrbEaT2uLEt7CaBy4QFlc8uwWr7KIM4PtS&__tn__=%2CO%2CP-R,OfficialMensHumor,Time are tough.,318,232,4.6,https://scontent.fhou1-1.fna.fbcdn.net/v/t39.30808-6/296684798_6794899657190366_5214037495827880631_n.jpg?stp=cp1_dst-jpg_s600x600&_nc_cat=110&ccb=1-7&_nc_sid=730e14&_nc_ohc=B60Q26wWZFsAX_ce0IF&_nc_ht=scontent.fhou1-1.fna&oh=00_AT85LGZsdblQ3F4rimQYNFK0tPC5K46yDbACk1Uiexk3PA&oe=6303E27C,"7/30/2022, 6:54:00 AM"
95,https://www.facebook.com/OfficialMensHumor/posts/pfbid02eZQwT2KCir5wd2F1tuS9iWKpFrkywMTDyxj47rn3zaF92Sxd39bVgeFqdBhgmAXAl?__cft__[0]=AZXunyUir9CMUUgeQhuKBamxMgINBT_R_bjpg02d9oV26_sK4HLT4SI3_zbHcE6XV0PGd8nTRk7nuaCvKOrUAgPOQOXrlkj5_s_wRGjUHKoR7nStT6-iHoOJ4WeXJRIR9a8z80LLuqha8i-dfz9F7K0PRQUdRIWH8pcYOZiJ2lVmxqTK0A4CSnM5QeZrTmo5dolh8_oHqKvKv3twStLTmKWE&__tn__=%2CO%2CP-R,OfficialMensHumor,,1.4,2.3,12,https://scontent.fhou1-1.fna.fbcdn.net/v/t39.30808-6/295063863_6791755484171450_4097752614562615322_n.jpg?stp=dst-jpg_p526x296&_nc_cat=102&ccb=1-7&_nc_sid=730e14&_nc_ohc=OS7I0996qooAX9r-Jx6&_nc_ht=scontent.fhou1-1.fna&oh=00_AT8jFF1jk8ojADMQcHpVjDHXHCyz9VykuAxtIchnWbSMwg&oe=63045824,"7/29/2022, 4:00:00 PM"
96,https://www.facebook.com/OfficialMensHumor/posts/pfbid0X7VGVTbccUw8dzbE9W9tK5vCDyu9Kd87ZNUW8gpxUBmCW81BSdAwZXiR9rjafPupl?__cft__[0]=AZWR6Z3o4VzEaswtT7TeN9CBI1OF4RRmmnbPin4yC-1TuGBvpcESVaHByH0pfaswMcziQ9CpORbfQbf7nxFY8S5XHc-1Zvg0vu7XJpJxy_YNvb5TlRUcmOmduVS5hBVDaxGgfWFBAMv7LyOnJIKXA4buPcMZw66WPGb_HXNSDP-mgayDbF25UDwU1OiBDOXnNtYJgCCi33VTTcVwYR5JTpN0&__tn__=%2CO%2CP-R,OfficialMensHumor,Probably not...,1.6,8.5,19,https://scontent.fhou1-1.fna.fbcdn.net/v/t39.30808-6/295205964_6791754767504855_4708846158596722349_n.png?stp=dst-png_p180x540&_nc_cat=106&ccb=1-7&_nc_sid=730e14&_nc_ohc=hdxENejv0OUAX_t5knX&_nc_ht=scontent.fhou1-1.fna&oh=00_AT9AR0X6coROgk-Y0GK0ZwU7VgHXJ5wNX2ZD_uRk5CE7SA&oe=63050970,"7/29/2022, 1:00:00 PM"
97,https://www.facebook.com/OfficialMensHumor/posts/pfbid02XMgenap9sQrUq4We8YnKnDrMcLa436oF9B153bCDFtaG7bVF8qZDzZEz4JVGwPPul?__cft__[0]=AZU9Dan615l6mY3QxHTW8WyA88PoL9uThCV62f0h4f6jperCe9GIKM6cDzvdvB7gntz1DDPQWbXWQ0O3lhm35-xM-B7izv5dEMl0Y3hu9jdFGRnbQK6glJCCCaNLm-HOvc6T1Y3KChBEplfQXNScyxpJ-uzm9UeGMSWR5yR-Z9I48Oazjp3tOjOU493D77eORJLD3_l89ATH-aAkCGvArLas&__tn__=%2CO%2CP-R,OfficialMensHumor,In case you're having a bad day...,29,19,27,https://scontent.fhou1-1.fna.fbcdn.net/v/t39.30808-6/295692615_6791751974171801_5981538127864702470_n.jpg?stp=dst-jpg_s640x640&_nc_cat=111&ccb=1-7&_nc_sid=730e14&_nc_ohc=TWB0iqL0_foAX-gE-Zl&_nc_ht=scontent.fhou1-1.fna&oh=00_AT8UH3iQCRsVi15IHKSKBIMibOFphVCL4Xv2lZ-wTfOz3g&oe=6304485F,"7/29/2022, 9:00:00 AM"
98,https://www.facebook.com/OfficialMensHumor/posts/pfbid02Z5W6fpeAQ9BJNzHes1jPMrVNWrxkkak8kihiKdrx9mQ7jdELke3siBhmnYmcrA1Ql?__cft__[0]=AZUVuYda_SOUvOc_dOn9ZrY0UofdEfKAAU03YuVscJ6LNVBbRBdRIPmc0GNJrTmkN4hn3NUR7hiLg1YxprDLEuHIPimZ002-iv9xYH8WP_DceQbYckbEqpkx7R7F7MxKAyv_tbJnTlZXx3Q-LwapKLHRN3iOPG7bfkXg8uLK7oLzzPVFRq15UT_yX8h84wMBTa79xOnQbiJg4EbmQalIT9za&__tn__=%2CO%2CP-R,OfficialMensHumor,"If we're not on this level, I don't want it.",2.4,4.4,15,https://scontent.fhou1-1.fna.fbcdn.net/v/t39.30808-6/295778456_6791750437505288_5659539905034786414_n.jpg?stp=dst-jpg_p526x296&_nc_cat=103&ccb=1-7&_nc_sid=730e14&_nc_ohc=emEcrLROczsAX9-kHlL&_nc_ht=scontent.fhou1-1.fna&oh=00_AT9_xefNxi8wZXfvhAHtrI4dvULcpP6j_JHfQyv36tv_AQ&oe=63041C6E,"7/29/2022, 5:00:00 AM"
99,https://www.facebook.com/OfficialMensHumor/posts/pfbid0WgG54eFgALLMEhq3Z9sr3A9jtVn6rkyACu39nU9AR1pNcHwXLwjpL1nKQV6ibUJRl?__cft__[0]=AZUk-YBhkDbSxQmf9fJCQjnLEMqbu-e_AT4jempY2hz-kNEyFXKO7UYa4vX6UpPH1NQPsOvy1jaZ7LBwvaLF0MUICaT_LRm9teCI2HKHGYIdMVMW9uZlmnoAOwq2jcibdfTOB4cJJh09eSeO0fXGZC86KIGGVyDEzlKCwCtgoW3eHTE59Den9ltV1IcjMHnPduHGpg9FNwCHIvHOHfrnDpr4&__tn__=%2CO%2CP-R,OfficialMensHumor,,3.2,8.8,36,https://scontent.fhou1-1.fna.fbcdn.net/v/t39.30808-6/294899833_6788999171113748_2702865412181109196_n.jpg?stp=dst-jpg_s640x640&_nc_cat=104&ccb=1-7&_nc_sid=730e14&_nc_ohc=NblGyLNe81oAX-gYyJo&_nc_oc=AQmAGG9iDKFKK20dyqJdHYSQjTqTlemh9OaSVkAxIXUzHUm_NwzSvdqSV6JrUwTZz_U&_nc_ht=scontent.fhou1-1.fna&oh=00_AT9ObXcFroOMx2WK5Nh5C123L-EU5FvzA9-GlpWRxiSy4w&oe=6303500D,"7/28/2022, 4:00:00 PM"
100,https://www.facebook.com/OfficialMensHumor/posts/pfbid0BJhxmbYK6HnR6T6226GEB9iMYTaqkrnrGPU5E4HnSzUUEKv7o5Lfu9RhJQDYFFTJl?__cft__[0]=AZWP9VIQBNZ7Xr_ty45Q-JVrVjYJAchULQwIm0PA9IIYShKmjxp-1LZklW0GpOsYJx56ptqwlCHGOQafxd5gdFmlJGJ2sDTfXWs9jDgycdsIESn3EMpd2ubHu6EYuUKJfaeV2yvIDejx4z9wru9VyOHM5MeVvADnMjZut3qY7GZxDl-ANNpQ4sZmcvJCdjT-Nlb8we4ZZzZnflEXiLLgKvwd&__tn__=%2CO%2CP-R,OfficialMensHumor,,849,3.7,40,https://scontent.fhou1-1.fna.fbcdn.net/v/t39.30808-6/295623311_6788998321113833_8550939858594837508_n.jpg?stp=dst-jpg_p526x296&_nc_cat=103&ccb=1-7&_nc_sid=730e14&_nc_ohc=b1W93jTYlwIAX_a9j7A&_nc_ht=scontent.fhou1-1.fna&oh=00_AT9abLyjKdHsQ1NY6BFEolM405oprQOVeqCkLBS8YUBafA&oe=63047C82,"7/28/2022, 1:00:00 PM"
