id,postUrl,commentsNum,sharesNum,reactionsNum,imgUrl,timestamp
1,https://www.facebook.com/OfficialMensHumor/posts/pfbid02mDggPPXZYmcG2Zzi4CXv3CydudUC5SADvbvQSNRYyGWSQA8VjJfpr5UZhrW4Jfol?__cft__[0]=AZVwIQHT56Qk_kLeF_54dhceV0tj7J5_dUspwLGkyjng_w9Xs12WK6I3ZpSTG0a9o1VNt-QeL-E1A_q6bigIarlHIVEBNqPALM6sGFCSuOz3OeVo428lr3I_FL-8_PvNq34a9iVZ7dT52ZEYpyzQ-oi87iNQqapcWAIF5VLo7briooyMOspM0aCeuUr_p5zTP6R7WnMtAM-iIRY4mLwWM2yz&__tn__=%2CO%2CP-R,313 Comments,802 Shares,6.5K,https://scontent-iad3-1.xx.fbcdn.net/v/t39.30808-6/298836277_6843390682341263_5460690701777628462_n.jpg?stp=cp1_dst-jpg_p526x296&_nc_cat=1&ccb=1-7&_nc_sid=730e14&_nc_ohc=gBSSYLC7CU4AX_5BACC&_nc_ht=scontent-iad3-1.xx&oh=00_AT-Q1QYv268js0tVLq6dRZUnPnTVlAJ6DOCtjce52-zE7Q&oe=6301BD4C,"Tuesday, August 16, 2022 at 4:00 PM"
2,https://www.facebook.com/OfficialMensHumor/posts/pfbid02ZBqQZsVnj6n1Ax1po69XnZAeQjBsfX4squ8CjrkpEJoyxfMzF6NZafrSyWjZE131l?__cft__[0]=AZV9XKPRlY3f4FFVj9BIC6-ydodB7xNWV9xyPh0OMPaJ3SkUmSZ3fsRVcxtRfETlFQojYZUVO7I0N5xBQ79CIr6wwU5MyKNX1JTwqjo5Skt5CqcGT5Mpx2pS8e1zUY-N-oCnOWr6m_eGr7egWrcynIG0BTn65gqM6jGUjqP-SQVdx3l5OXD8IAhD-c1jxzK9HFNGaFn7OwEs8i_Mk48h5hQD&__tn__=%2CO%2CP-R,548 Comments,1.3K Shares,4.9K,https://scontent-iad3-1.xx.fbcdn.net/v/t39.30808-6/299492704_6843380299008968_7017561422551564833_n.jpg?stp=dst-jpg_p526x296&_nc_cat=1&ccb=1-7&_nc_sid=730e14&_nc_ohc=IFUJhqvlOCcAX_ytT9E&_nc_ht=scontent-iad3-1.xx&oh=00_AT9fLRljQMFXs8CayUqisPs-ejE--yMA7je-1jCQhP3GfQ&oe=63017BB4,"Tuesday, August 16, 2022 at 1:00 PM"
3,https://www.facebook.com/OfficialMensHumor/posts/pfbid02HYJKThedyV4SmnDTfenMEb9TzwBnyxZ5MKMRUTBr9SWXN3KxSJokmb6TNwj3X6Rel?__cft__[0]=AZW0NhCoQPqcBWIwZtA8-2sA32xKFpJ8y-KRQIr4jU7LLOvbhm5zckYgrmZn9Y2FsNIqWVRP4x6jj35O1nMrJeoaJ3EB1bJOHr72IP7nL-esJITcTZRA_-mHkxc5AttS_KwP9te-CqXwSRcD3R8_-81ELHuCryIAPho7QczJG6H91EOaEUQCkZmPjQJdI_exynl9tBSMG9czhjQ5O09fGIj-&__tn__=%2CO%2CP-R,1.3K Comments,1.1K Shares,5.9K,https://scontent-iad3-1.xx.fbcdn.net/v/t39.30808-6/298962983_6843375815676083_6790737754270179474_n.png?stp=dst-png_s600x600&_nc_cat=1&ccb=1-7&_nc_sid=730e14&_nc_ohc=yAYOuyEDsB4AX_J4pjO&_nc_ht=scontent-iad3-1.xx&oh=00_AT8yjtNlCwNF_ozCxvLk6fmogvpFX6W0ODY7cB4UwEw64g&oe=6300A9CA,"Tuesday, August 16, 2022 at 9:00 AM"
4,https://www.facebook.com/OfficialMensHumor/posts/pfbid02WoaKwJ17QhPJmuteDEFxkQFeFfjs8LbVWCX4BTxD4XnqRZ61WBjXTHhyMNAD8qayl?__cft__[0]=AZWPRhRG19LHsNzKW8tCV74b4fFvdCgVSaFvq-AAyH4017V93WR0JbuPOrNybFopKndzlg0Yed96N_I2DBFOsP0yesQ3-qQroOt2C5B_OdyAYwLIUOPL1okl8K5pP_9LtacEHh69MtXzuUUNWbws3OLo7Nu9k3KD31haUP9C06X7ChnVvLVD4ub3ZtjpdDFarest5TS2CUXDjwzv8fGU0ZGF&__tn__=%2CO%2CP-R,2K Comments,4.7K Shares,24K,https://scontent-iad3-1.xx.fbcdn.net/v/t39.30808-6/299640051_6843365242343807_8583920547271358451_n.jpg?stp=cp1_dst-jpg_s600x600&_nc_cat=1&ccb=1-7&_nc_sid=730e14&_nc_ohc=dJp5HDGk3woAX-3dFQ_&_nc_ht=scontent-iad3-1.xx&oh=00_AT-uGTJkFXdRP6VoGBIL2aFCI5b-9XO2h7bTTyiVmIBPQg&oe=63016D92,"Tuesday, August 16, 2022 at 5:01 AM"
5,https://www.facebook.com/OfficialMensHumor/posts/pfbid02tqDyNJeUQaBTf3M89UgszjNMobMZuSiVr2ik1ruuxw9gtoECMjMqT2oNCJHMYCwhl?__cft__[0]=AZXxksZWojNTGSrV7dIlTXUx1gd-LscUZzMqkAh-p_d3Mo7kUm6OA0MWkfJTHXp9AS1Q3TGo616KDQ_d8GBAm6GkmPLWcYDSJLYVdbwRgno1-bUHhBrSBy4dczHarpAjWNxfVzoI5wOapNVQr0aIAUiDIbXw0OYC028BWQV7Avl-82IZM9kiIRYU-rLOFyCu5m43q622ClIsPQlqU4G4d55x&__tn__=%2CO%2CP-R,404 Comments,2.3K Shares,8.2K,https://scontent-iad3-1.xx.fbcdn.net/v/t39.30808-6/298966205_6840536522626679_8008994339710788038_n.jpg?stp=dst-jpg_s640x640&_nc_cat=1&ccb=1-7&_nc_sid=730e14&_nc_ohc=h-DMC3AyM5sAX9kf2KD&_nc_ht=scontent-iad3-1.xx&oh=00_AT83w7CqYoyluIPphFqXcqtE8is1pTqWpT82BC0ZXh98CQ&oe=63009606,"Monday, August 15, 2022 at 4:00 PM"
6,https://www.facebook.com/OfficialMensHumor/posts/pfbid0dgCAeFgfPZXgHfZ8V81pkQ9TE3aixa9XAwJsec1unK2uep6nwL2TbGe18aRQjeagl?__cft__[0]=AZUhcoaQ3YUYoRsojcmRSUuZP3nthuGpOQ6tM-E5IuYkEo7pvZDI3UH6ZJBsQQHkRrnJfaGlUyHMDHYvC2hBi64moBHay2CDfKtYJhWROfoL12zVttk5Pva7MnZjHN5UP3LhQiEPpfOqJvXRVCaYcBjKAeAELVKWbFlKXgCnYLSn_23W3DpLphVaBYM2QITQW0XydM1ig2hXLiQ9rLsmfcQ9&__tn__=%2CO%2CP-R,530 Comments,850 Shares,9.1K,https://scontent-iad3-1.xx.fbcdn.net/v/t39.30808-6/298903448_6840535685960096_8156284038241213356_n.jpg?stp=dst-jpg_p180x540&_nc_cat=101&ccb=1-7&_nc_sid=730e14&_nc_ohc=tq-LuufF8AsAX-iH-xs&_nc_ht=scontent-iad3-1.xx&oh=00_AT9Fv3adCbnu3rDjqPKoTQrZQhC0_H53Pujr4apEOVkJaA&oe=6300FE26,"Monday, August 15, 2022 at 1:00 PM"
7,https://www.facebook.com/OfficialMensHumor/posts/pfbid0fXsg65rSmAX4oVcVmT2nRAAFY9F4htvzx8R4J54VSbjan4HQ4XoRAZHd8iQ9U5Tel?__cft__[0]=AZWhKNTganjTN6MUk5aQaTxWnDe8ZUCyGb8RJjZ21P55-FibR-d7bHg2m7eEba_-LP_xajCG_I4aOR8DvlM0OE_ihVKTllO3uhRlyBZgoS_0IagcUmgkwG3nKOhpcvP5YUEKLalApdRkO7Kk2p1dm_spKzJe6pOrTwZ7F_NfwN-jZYfVlJnah7SJnDN-pfcZ-rEvb_ss5VjzRAZsrfFqaeF2&__tn__=%2CO%2CP-R,536 Comments,962 Shares,4.2K,https://scontent-iad3-1.xx.fbcdn.net/v/t39.30808-6/299778138_6840534345960230_6401868096623619846_n.png?stp=dst-png_s640x640&_nc_cat=107&ccb=1-7&_nc_sid=730e14&_nc_ohc=0SiN_WgXR_oAX-NkY5v&_nc_ht=scontent-iad3-1.xx&oh=00_AT_oQ1Q0fmnLDaju7f3oIk5HMOZ70xpEEs3FXNN5rCsn8w&oe=63004846,"Monday, August 15, 2022 at 9:00 AM"
8,https://www.facebook.com/OfficialMensHumor/posts/pfbid02r2q4aAzhm3f77zrCGAqe6bEP1cxZLbHMvdXXvabQLpR4nevfp6zUdCGXTrs1hQCbl?__cft__[0]=AZVZJSIZJiA27x9d9kdvsu-YVEBeo-9lvmzwFuSpKCKDIN1yCZYnEt-o5pPz6EGobqI9Qcv9At7f7hmVsz0UnMpXIGoDiC0n7PjM1kh99p3TDat0qEmp5yD5Ytp19YJhlYwzdYKjMisp9I55cmP_qZ46YjCctpijaui67N6wO2i8wk1fq9gEdYFUiPNt-7ZUUtrsuwRHvzmRAu2raef-rjfU&__tn__=%2CO%2CP-R,1.4K Comments,5.4K Shares,33K,https://scontent-iad3-1.xx.fbcdn.net/v/t39.30808-6/299189543_6840696735943991_6959259043926393320_n.jpg?stp=cp1_dst-jpg_p526x296&_nc_cat=1&ccb=1-7&_nc_sid=730e14&_nc_ohc=ZUhIc4pXR10AX9qS1Ef&_nc_ht=scontent-iad3-1.xx&oh=00_AT9yPo7kRennTc_aNU6yYZld_m9RZCACkEDJTB8QjXTakA&oe=630162FD,"Monday, August 15, 2022 at 6:47 AM"
9,https://www.facebook.com/OfficialMensHumor/posts/pfbid0K5XQgWAftGog5en2MAU7417cnukEZoQgmDShMtwBwGqMEoMP6dehTiTLpTbJQdJcl?__cft__[0]=AZW5izuz1A1XiZwV-NzBnROMcZ7xdYozex9bR-7d5-eaYPl9jZFubCJt0mESm5swR1wwpVM8raLiB4vM0kBWAGo9KlH-aXTo-xGCswf51puGNUbVRKGlJ61nw834pU5pdcXrLjKIB7pF6F5bfIFyYfJxmi2hPzIFShb280Clf1q4ZHQ1YopRMegIj-CVVQFboWMbLX9SW4sHLZOE7oHZ7V0i&__tn__=%2CO%2CP-R,484 Comments,3.8K Shares,14K,https://scontent-iad3-1.xx.fbcdn.net/v/t39.30808-6/299508855_6840522205961444_836889057238866509_n.jpg?stp=cp1_dst-jpg_p526x296&_nc_cat=1&ccb=1-7&_nc_sid=730e14&_nc_ohc=sIFFJNTnL7oAX9oXPq5&_nc_ht=scontent-iad3-1.xx&oh=00_AT9YwTLuDWkqFfftyYEGnZuRg5EOWGrMUrJwlMaxcHQw5A&oe=6301A7AC,"Monday, August 15, 2022 at 5:35 AM"
10,https://www.facebook.com/OfficialMensHumor/posts/pfbid0TjEfHZRJpJeZ7YkNYtoiovDFY92NqiTLcZarSVgTNpMTK5mwcZ7WuwXGzh9B2wJpl?__cft__[0]=AZV8mYrszeEOtp6GMVk3CfEyW-Ss7i5ChXZCcgOCOqZfAUbATlRvqKfCYzgopWdFWy44mEaWCd7gF28kfHGZ97mOVffWHxEmUY_Bu3KWWwtdBlSWCU5rKbTHfogblsTeh8irpFKEr5xdiwK8boeuffLc_I33PnJEK2-YCcBd1CTjR3l1Qc8kO7Iv2WZzzF_MK0Gwli6Ht_Gy21nBxBWRUgXP&__tn__=%2CO%2CP-R,432 Comments,1.2K Shares,8.8K,https://scontent-iad3-1.xx.fbcdn.net/v/t39.30808-6/297854222_6837386926274972_4382784699235178464_n.jpg?stp=dst-jpg_s640x640&_nc_cat=109&ccb=1-7&_nc_sid=730e14&_nc_ohc=5Oc8gt_-mGoAX8PJC57&_nc_oc=AQnoErjutS-F8nUiUaBohAMYCGImcAJP67nVDW67vX7Pk183lNwMCb5THlgD98qY46sxTfbaXV0w6QOdxNhn4sf5&_nc_ht=scontent-iad3-1.xx&oh=00_AT_Q0ChmoiuiR5Rsli-CyfMMh1BwK__fXjPjefH_-DoVLg&oe=6300EA9B,"Sunday, August 14, 2022 at 4:00 PM"
